reviewerID,asin,overall
ASK11J3ZXE42J,B0016JDBYG,2
A39Y702EFQOVNG,B0016JDBYG,5
AHIY1S8OE0JAE,B0016JDBYG,3
ASK11J3ZXE42J,B0016JDBYG,2
A39Y702EFQOVNG,B0016JDBYG,5
AHIY1S8OE0JAE,B0016JDBYG,3
ASK11J3ZXE42J,B0016JDE34,2
AHIY1S8OE0JAE,B0016JDE34,3
A2R3PDZ4K3P2AG,B0016JDE34,4
ASK11J3ZXE42J,B0016JDE34,2
AHIY1S8OE0JAE,B0016JDE34,3
A2R3PDZ4K3P2AG,B0016JDE34,4
A3372ZE79SSIHP,B001F7VN6M,5
ASR6B1JIJFD31,B001F7VN6M,4
A2EMA184DPM05,B001F7VN6M,5
A3RX60UT05SL7M,B001F7VN6M,5
ATWDCYVND935I,B001F7VN6M,5
A2J8ZDQOMRGEQ9,B001F7VN6M,5
A5VPJMDSJW7FD,B001F7VN6M,2
A1134GV44SWB4N,B001F7VN6M,5
A1JSOVO9F0BG4Y,B001F7VN6M,5
AA46TP3T0MVB,B001F7VN6M,2
A10OJXPDFE0GOK,B001F7VN6M,5
A1D9DNXBQDNGL2,B001F7VN6M,5
A25VMW6X1MUN14,B001F7VN6M,5
A16J2L207DI5WU,B001F7VN6M,1
A1L08O60MXPCYA,B001F7VN6M,5
AIH05X9KBQWX4,B001F7VN6M,1
A3IG1R5IOVHFXR,B001OD2OAQ,5
ABDQ0DVCL2CMO,B001OD2OAQ,5
ALUNW3EXCLZLB,B001OD2OAQ,5
AG0G4FS4SB5OX,B001OD2OAQ,5
A2EMA184DPM05,B001OD2OAQ,5
A3FEE03P1LZC76,B001OD2OAQ,3
AS7621XF5BW0T,B001OD2OAQ,5
A38FWEVG17KN0Z,B001OD2OAQ,5
A1KOZHN3ON5PGG,B001OD2OAQ,5
AW80F6GE4YUIS,B001OD2OAQ,4
A2KJX3K63I3K0U,B001OD2OAQ,5
A2KKXX9VC0ZQMJ,B001OD2OAQ,5
A2M79BUIOECBAS,B001OD2OAQ,5
AH6N2RO91843L,B001OD2OAQ,4
A1MII57V54764P,B001OD2OAQ,3
A2RMXBH8EGLUR0,B001OD2OAQ,5
A1O6OGNV2D57PA,B001UBB9GM,5
A1V1SG67P2DB0M,B001UBB9GM,5
A3LB5474SNTLSO,B001UBB9GM,5
A1Z0NQAZWJ3YKP,B001UBB9GM,5
AH6N2RO91843L,B001UBB9GM,5
A398X00E4KYZIY,B001UBB9GM,1
A25FDSTIHHAFKX,B001UBB9GM,1
A16J2L207DI5WU,B001UBB9GM,1
A1601RU0RU6L9N,B001V7RK8G,5
AX4PXKR06TGLP,B001V7RK8G,5
A3KZA7WUKMZANR,B001V7RK8G,3
A1OPF36QBFB3XK,B001V7RK8G,5
A2R3PDZ4K3P2AG,B001V7RK8G,5
A2M3CUDYRKM9CV,B001V7RK8G,5
A3FTBS8ZM6EPRK,B002KQLUVU,5
A2XAQRHCBM4NK4,B002KQLUVU,3
A1CLYC5TACQQQP,B002KQLUVU,5
AG0G4FS4SB5OX,B002KQLUVU,5
A2EMA184DPM05,B002KQLUVU,5
A1HKAWLLYAPMO7,B002KQLUVU,5
AXKTC9FEVLY0W,B002KQLUVU,5
A3Q03O4Q8GKT8G,B002KQLUVU,5
A1RF31CYOKXIWM,B002KQLUVU,5
A1WHB9H1AIF947,B002KQLUVU,5
A38FWEVG17KN0Z,B002KQLUVU,5
A2WDCDHR49DP06,B002KQLUVU,5
A36IO02PJAU26B,B002KQLUVU,4
ATWDCYVND935I,B002KQLUVU,5
ATWDCYVND935I,B002KQLUVU,5
A3RXQQWRXUAF8B,B002KQLUVU,5
A3LB5474SNTLSO,B002KQLUVU,5
A5QQ5OC488CB7,B002KQLUVU,5
A1134GV44SWB4N,B002KQLUVU,5
AW80F6GE4YUIS,B002KQLUVU,3
A3LCGB8BMZVRJL,B002KQLUVU,5
A11YHIDRYHFF4H,B002KQLUVU,4
A2KJX3K63I3K0U,B002KQLUVU,5
ABIWW6V0V01L6,B002KQLUVU,5
A28UBYNJRKU4D6,B002KQLUVU,4
A1L08O60MXPCYA,B002KQLUVU,5
AHIY1S8OE0JAE,B002KQLUVU,3
A1MII57V54764P,B002KQLUVU,1
A2JBWGFRJ05Z8D,B002KQLUVU,3
A242ADDCE3YB3U,B002KQLUVU,5
A1OPF36QBFB3XK,B002KQLUVU,5
A908CRZDXABQ,B002KQLUVU,1
A2RMXBH8EGLUR0,B0034THXTK,3
AYDLETEYQFTDE,B0034THXTK,5
ASR6B1JIJFD31,B0034THXTK,4
A19OR219RUYPHM,B0034THXTK,5
AH6XZ1BCXY4I6,B0034THXTK,5
A3Q03O4Q8GKT8G,B0034THXTK,5
A3R0BEBXJB58VL,B0034THXTK,5
A2FJMALXP72F0N,B0034THXTK,5
ATWDCYVND935I,B0034THXTK,5
A3RXQQWRXUAF8B,B0034THXTK,5
A2MREK75EM9TZO,B0034THXTK,5
A3NMGYPMG4EZ2V,B0034THXTK,3
A2NLGAVOF35E16,B0034THXTK,5
A3OIMDDBHT2AYB,B0034THXTK,4
A1O5833KLG4OG0,B0034THXTK,5
A3LB5474SNTLSO,B0034THXTK,4
A1MLCAGEWDYXL8,B0034THXTK,5
A2FNH22PEY47RT,B0034THXTK,5
AFZC9O52280S2,B0034THXTK,5
A10OJXPDFE0GOK,B0034THXTK,5
A3U1J3Z55AFZZO,B0034THXTK,5
A3LCGB8BMZVRJL,B0034THXTK,5
AV2QEVD6YF42H,B0034THXTK,5
AJSDV5OVPZ7Y3,B0034THXTK,5
AQAOCDBV1QDUM,B0034THXTK,5
A3IG1R5IOVHFXR,B0034TZONM,5
A2XAQRHCBM4NK4,B0034TZONM,2
A2E5ZLFPFIH8MF,B0034TZONM,5
A3E3TOX6MNRIRY,B0034TZONM,5
AYDLETEYQFTDE,B0034TZONM,5
A1O6OGNV2D57PA,B0034TZONM,5
AEVDEVIJHI3B6,B0034TZONM,5
ABDQ0DVCL2CMO,B0034TZONM,5
A1L08O60MXPCYA,B0034TZONM,5
A1HKAWLLYAPMO7,B0034TZONM,5
A2Z29Y2RPTA0PT,B0034TZONM,5
A3DU0N727F6ACF,B0034TZONM,5
A1KD6LSHEO7E1C,B0034TZONM,5
A27URUYH8XCZQZ,B0034TZONM,5
A3Q03O4Q8GKT8G,B0034TZONM,5
A1601RU0RU6L9N,B0034TZONM,5
A3EBY4ZYGZ3Q4Q,B0034TZONM,5
A19VS13GA2YF0T,B0034TZONM,5
AMOLUSI1RUF0B,B0034TZONM,4
A2NLGAVOF35E16,B0034TZONM,5
A3OIMDDBHT2AYB,B0034TZONM,5
A1O5833KLG4OG0,B0034TZONM,5
A2J8ZDQOMRGEQ9,B0034TZONM,5
A1RNVKFD1PF1QF,B0034TZONM,5
A1MLCAGEWDYXL8,B0034TZONM,5
A2RI8WBB4PQXCP,B0034TZONM,5
A3OACF4Q24SPKD,B0034TZONM,5
A3PFOJ3W221A4D,B0034TZONM,4
A3LCGB8BMZVRJL,B0034TZONM,5
A2R15ED2CYS21N,B0034TZONM,5
A2JQK656WX1NBW,B0034TZONM,5
A2WED798Q67FKC,B0034TZONM,5
A2F2KL35PTQ8BS,B0034TZONM,5
A2RIOMTJ5EB2O5,B0034TZONM,5
A1JSOVO9F0BG4Y,B0034TZONM,5
AH6XZ1BCXY4I6,B0034TZONM,5
AMH34DUPANIZZ,B0034TZONM,4
A3EC1NGES4NLE5,B0034TZONM,5
A2821JHS6G012Y,B0034TZONM,5
AJSDV5OVPZ7Y3,B0034TZONM,5
A1UPM23FHOVFQ1,B0034TZONM,5
A2W9OEZ4YUPJ3U,B0034TZONM,5
AQAOCDBV1QDUM,B0034TZONM,5
A1OPF36QBFB3XK,B0034TZONM,5
A2RMXBH8EGLUR0,B003X26V50,2
A2NF15AKMNRPA6,B003X26V50,5
A3372ZE79SSIHP,B003X26V50,5
A1CLYC5TACQQQP,B003X26V50,5
AH6XZ1BCXY4I6,B003X26V50,5
A3QBW8DMNKSBGM,B003X26V50,5
A2SYARR444J7Z6,B003X26V50,4
A2W22FKUPHPBMY,B003X26V50,5
A3BAXEUKF8QSDF,B003X26V50,5
A3EBY4ZYGZ3Q4Q,B003X26V50,5
A3RO95VKUI1QQT,B003X26V50,5
A307QLBGIBBLUF,B003X26V50,2
A3U1J3Z55AFZZO,B003X26V50,5
A1XYXB8QV7IV9S,B003X26V50,5
A2KKXX9VC0ZQMJ,B003X26V50,5
A24XXYT6AFER4K,B003X26V50,5
ALUNW3EXCLZLB,B003X26V50,5
A2RIAVIXTSI645,B003X26V50,5
A1JSOVO9F0BG4Y,B003X26V50,5
AYB1YSWAF8AWN,B003X26V50,5
AV2QEVD6YF42H,B003X26V50,1
A16J2L207DI5WU,B003X26V50,1
A1OPF36QBFB3XK,B003X26V50,5
A26Q76GBWC6OCL,B003X26V50,5
A1KBJ4YJ9P888Z,B003X26V50,5
A3OIMDDBHT2AYB,B003X26V50,4
A1NPNT3N0BB6S9,B003X26V50,4
A2NF15AKMNRPA6,B003YHOXFY,5
A3RX60UT05SL7M,B003YHOXFY,5
A3372ZE79SSIHP,B003YHOXFY,5
ALUNW3EXCLZLB,B003YHOXFY,5
A1CLYC5TACQQQP,B003YHOXFY,5
A2VSF2M5A8YIQ4,B003YHOXFY,4
A19VS13GA2YF0T,B003YHOXFY,4
A2PGU5W0LZGEQG,B003YHOXFY,5
A3LB5474SNTLSO,B003YHOXFY,3
A1NPNT3N0BB6S9,B003YHOXFY,3
A1Y8SNV5SVO3YM,B003ZX7RNC,5
AW80F6GE4YUIS,B003ZX7RNC,5
A1UPP0ZIE2C5AB,B003ZX7RNC,5
A1601RU0RU6L9N,B003ZX7RNC,5
A2MAF3ERMSIG6I,B003ZX7RNC,5
A2M79BUIOECBAS,B003ZX7RNC,5
A242ADDCE3YB3U,B003ZX7RNC,5
AYDLETEYQFTDE,B003ZX7RNC,5
AYDLETEYQFTDE,B003ZZY4LI,5
AGUB36NO7BSDR,B003ZZY4LI,5
A2LY4B3VOG7JQC,B003ZZY4LI,5
A3RXQQWRXUAF8B,B003ZZY4LI,5
A18MHDJOCNNSB9,B003ZZY4LI,4
AG5CKSLAFZ5L3,B003ZZY4LI,5
AUGGOB99VRU6U,B003ZZY4LI,5
A2MTT2IOB6L6Q2,B003ZZY4LI,5
A24XXYT6AFER4K,B003ZZY4LI,5
AH6N2RO91843L,B003ZZY4LI,3
A1OPF36QBFB3XK,B003ZZY4LI,5
A3NCI84F8FVSUT,B003ZZY4LI,5
A2XAQRHCBM4NK4,B003ZZY4LI,3
AEXIJT4LD11CD,B00466R0V6,5
A2VSF2M5A8YIQ4,B00466R0V6,4
A13MSOD93RH5BW,B00466R0V6,3
A1YWZ3AVX6OFUC,B00466R0V6,5
A1RF31CYOKXIWM,B00466R0V6,5
A1X8GZ9NKNQWPN,B00466R0V6,5
A9VT5R7K6EVYP,B00466R0V6,5
A2J8ZDQOMRGEQ9,B00466R0V6,5
A2PGU5W0LZGEQG,B00466R0V6,5
A2FNH22PEY47RT,B00466R0V6,5
ADAG3XK1D9V0A,B00466R0V6,1
A15V5CSE551V5K,B00466R0V6,5
A2O08J1QZPCO53,B00466R0V6,5
A3U1J3Z55AFZZO,B00466R0V6,5
A322Q7F3858C6P,B00466R0V6,5
A2F2KL35PTQ8BS,B00466R0V6,5
A2M79BUIOECBAS,B00466R0V6,5
A3KZA7WUKMZANR,B00466R0V6,5
A16OQXVU832Q66,B00466R0V6,5
A1OWWFKTVCFB3T,B00466R0V6,3
A1NPNT3N0BB6S9,B00466R0V6,4
AYDLETEYQFTDE,B004748YPS,5
AG0G4FS4SB5OX,B004748YPS,5
AADVOV0BLDN3E,B004748YPS,5
A36IO02PJAU26B,B004748YPS,4
A16OQXVU832Q66,B004748YPS,5
AMOLUSI1RUF0B,B004748YPS,4
A1GNL6V10GUU3B,B004748YPS,5
A3LB5474SNTLSO,B004748YPS,4
A398X00E4KYZIY,B004748YPS,4
A366240WSC7ZWO,B004748YPS,5
A40FKEPJMPK0S,B004748YPS,3
AF8V9AC4GT2FC,B004748YPS,5
A2JQK656WX1NBW,B004748YPS,5
A2KJX3K63I3K0U,B004748YPS,5
A2RIAVIXTSI645,B004748YPS,5
A28QRFX92EXTFG,B004748YPS,5
A1UPM23FHOVFQ1,B004748YPS,5
A2UWJYIMCKDDP2,B004748YPS,5
A3KZA7WUKMZANR,B004748YPS,5
AHIY1S8OE0JAE,B004748YPS,4
AQEZ1V5XDMHL2,B004748YPS,5
A3FTBS8ZM6EPRK,B004C049JC,5
A3IG1R5IOVHFXR,B004C049JC,5
ASR6B1JIJFD31,B004C049JC,4
A16OQXVU832Q66,B004C049JC,5
A2MAF3ERMSIG6I,B004C049JC,5
A2RIAVIXTSI645,B004C049JC,5
A1JSOVO9F0BG4Y,B004C049JC,5
AMH34DUPANIZZ,B004C049JC,4
A3JCQT6DESOMHN,B004C049JC,5
A16J2L207DI5WU,B004C049JC,5
A2JBWGFRJ05Z8D,B004C049JC,3
A3NCI84F8FVSUT,B004DPZ2T2,5
A3NCI84F8FVSUT,B004DPZ2T2,5
A3FTBS8ZM6EPRK,B004DPZ2T2,5
A2XAQRHCBM4NK4,B004DPZ2T2,3
A13MSOD93RH5BW,B004DPZ2T2,5
AI2DP6ZXAO2B7,B004DPZ2T2,5
A22QG885JF426G,B004DPZ2T2,3
A3QTZ4GWCCJ0X0,B004DPZ2T2,5
A1BFUWT32P1DXR,B004DPZ2T2,5
AW80F6GE4YUIS,B004DPZ2T2,4
A2M79BUIOECBAS,B004DPZ2T2,5
A4F05USD3H5TV,B004DPZ2T2,4
A3L9DYR3CACMIQ,B004DPZ2T2,5
A1UPP0ZIE2C5AB,B004DPZ2T2,5
A1RF31CYOKXIWM,B004DPZ2T2,5
A15E81AMEDTMU7,B004DPZ2T2,5
A1601RU0RU6L9N,B004DPZ2T2,5
A1THC3SY4YWAL8,B004DPZ2T2,5
A1THC3SY4YWAL8,B004DPZ2T2,5
A3BM5X39NJNAUZ,B004DPZ2T2,3
A1O5833KLG4OG0,B004DPZ2T2,5
A1LR2H3V3EIVIY,B004DPZ2T2,5
A2MTT2IOB6L6Q2,B004DPZ2T2,5
A1JSOVO9F0BG4Y,B004DPZ2T2,5
AV2QEVD6YF42H,B004DPZ2T2,5
A3EC1NGES4NLE5,B004DPZ2T2,3
A3J3WONG7SQDK9,B004DPZ2T2,2
A1UPM23FHOVFQ1,B004DPZ2T2,5
A2UWJYIMCKDDP2,B004DPZ2T2,5
A1MII57V54764P,B004DPZ2T2,5
A2TNGCUS3K32MS,B004DPZ2T2,5
AYDLETEYQFTDE,B004DPZ2T2,3
A242ADDCE3YB3U,B004DPZ2T2,5
A38FWEVG17KN0Z,B004DPZ2T2,5
A1OPF36QBFB3XK,B004DPZ2T2,5
A2RMXBH8EGLUR0,B004RTLZRC,5
A3IG1R5IOVHFXR,B004RTLZRC,5
AX4PXKR06TGLP,B004RTLZRC,5
AS7621XF5BW0T,B004RTLZRC,5
A981041CJ9ZBF,B004RTLZRC,5
A1OPF36QBFB3XK,B004RTLZRC,5
A2GSA371TA18A,B004RTLZRC,5
A22QG885JF426G,B004SBJHW4,4
A3OUQU5WD44Y4W,B004SBJHW4,3
A18CQ2BU6CV8WR,B004SBJHW4,5
A3LB5474SNTLSO,B004SBJHW4,5
AMH34DUPANIZZ,B004SBJHW4,5
A236P8WWG8AZIO,B004SBJHW4,5
AIH05X9KBQWX4,B004SBJHW4,5
AZ4PIH3RF6U5D,B004SBJHW4,1
A1UPM23FHOVFQ1,B004SBJHW4,5
AAWTKL9PBWXCV,B004T36GCU,5
AADVOV0BLDN3E,B004T36GCU,5
A3QTZ4GWCCJ0X0,B004T36GCU,5
A2Z29Y2RPTA0PT,B004T36GCU,5
A2EMA184DPM05,B004T36GCU,5
A1HKAWLLYAPMO7,B004T36GCU,5
A39B695IMLSML,B004T36GCU,5
A2C8N6W0XPYJB0,B004XIE6WI,5
AA1MBI2A2M0H6,B004XIE6WI,5
AJSDV5OVPZ7Y3,B004XIE6WI,5
APFSVCQW44RXA,B004XIE6WI,5
AW5YFQCRMU3OF,B004XIE6WI,5
A2RIOMTJ5EB2O5,B004XIE6WI,5
A3U1J3Z55AFZZO,B004XIE6WI,5
A2JQK656WX1NBW,B004XIE6WI,5
A2WED798Q67FKC,B004XIE6WI,5
A2RMXBH8EGLUR0,B0058GWR8O,5
AEVDEVIJHI3B6,B0058GWR8O,5
A2KEF7YA26UHYA,B0058GWR8O,5
A19OR219RUYPHM,B0058GWR8O,5
AH6XZ1BCXY4I6,B0058GWR8O,5
A1XS82N1EEJYBD,B0058GWR8O,5
A4F05USD3H5TV,B0058GWR8O,3
A1JSOVO9F0BG4Y,B0058GWR8O,5
A24XXYT6AFER4K,B0058GWR8O,5
A22T99L8AJGXFM,B0058GWR8O,5
A16J2L207DI5WU,B0058GWR8O,5
A2UWJYIMCKDDP2,B0058GWR8O,5
AQAOCDBV1QDUM,B00598BY6W,5
AUGGOB99VRU6U,B00598BY6W,5
A3EBY4ZYGZ3Q4Q,B00598BY6W,5
A18MHDJOCNNSB9,B00598BY6W,4
A1GNL6V10GUU3B,B00598BY6W,5
A1C6XNOYH13S61,B00598BY6W,5
A2R6CF9ZVJ7MPX,B00598BY6W,5
A3RX60UT05SL7M,B00598BY6W,5
ASZE5BL3E3ZHG,B005FLI78G,5
A1FHEY39CALGF2,B005FLI78G,5
AOP2X3D2INRW6,B005FLI78G,5
AZD8GF72O1T26,B005FLI78G,4
A22FN99RW55WEO,B005FLI78G,5
A2JQK656WX1NBW,B005FLI78G,5
AW80F6GE4YUIS,B005HYU1YE,4
AGUB36NO7BSDR,B005HYU1YE,5
A2KKXX9VC0ZQMJ,B005HYU1YE,5
A3BAXEUKF8QSDF,B005HYU1YE,5
A36IO02PJAU26B,B005HYU1YE,4
A1MII57V54764P,B005HYU1YE,5
A40FKEPJMPK0S,B005HYU1YE,2
A307QLBGIBBLUF,B005HYU1YE,4
A36HK8RYUBPJKU,B005HYU1YE,1
A2JQK656WX1NBW,B005HYU1YE,5
A2RIAVIXTSI645,B005HYU1YE,5
A25VMW6X1MUN14,B005HYU1YE,3
A1NPNT3N0BB6S9,B005HYU1YE,3
AEAC5OJ7FX0Z3,B005KMCLIW,5
A2R6CF9ZVJ7MPX,B005KMCLIW,5
AW5YFQCRMU3OF,B005KMCLIW,5
A3ONIS371WVGP0,B005KMCLIW,5
AZ4PIH3RF6U5D,B005KMCLIW,5
A3477O7Y026ARP,B005KMCLIW,5
A1YPVD1SP9PVHI,B005KMCLIW,5
A3J3WONG7SQDK9,B005KMCLIW,5
AXKTC9FEVLY0W,B005KMCLIW,5
A4F05USD3H5TV,B005KMCLIW,2
AS7621XF5BW0T,B005KMCLIW,5
A1UPP0ZIE2C5AB,B005KMCLIW,5
A1RF31CYOKXIWM,B005KMCLIW,5
A981041CJ9ZBF,B005KMCLIW,5
A3RXQQWRXUAF8B,B005KMCLIW,5
A1THC3SY4YWAL8,B005KMCLIW,5
A3NMGYPMG4EZ2V,B005KMCLIW,5
A1MLCAGEWDYXL8,B005KMCLIW,5
A2O08J1QZPCO53,B005KMCLIW,5
AG5CKSLAFZ5L3,B005KMCLIW,5
A3FTBS8ZM6EPRK,B005KMCLIW,5
A1JSOVO9F0BG4Y,B005KMCLIW,5
A3EC1NGES4NLE5,B005KMCLIW,5
A2XAQRHCBM4NK4,B005LSS3L4,3
A1O6OGNV2D57PA,B005LSS3L4,5
A2IZ77MRDPO9E5,B005LSS3L4,1
A3QTZ4GWCCJ0X0,B005LSS3L4,5
AGUB36NO7BSDR,B005LSS3L4,5
A3Q03O4Q8GKT8G,B005LSS3L4,1
ABIWW6V0V01L6,B005LSS3L4,5
A3OIMDDBHT2AYB,B005LSS3L4,5
ADAG3XK1D9V0A,B005LSS3L4,5
A34L377NKGJ1RU,B005LSS3L4,5
A19VS13GA2YF0T,B005LSS3L4,3
A22T99L8AJGXFM,B005LSS3L4,5
AX4PXKR06TGLP,B005LSS3L4,5
A3IG1R5IOVHFXR,B005SNNE1Q,5
A2GUU2169Q5N6E,B005SNNE1Q,5
A25VMW6X1MUN14,B005SNNE1Q,5
A2QNV2FW9U3A3A,B005SNNE1Q,5
A13MSOD93RH5BW,B005SNNE1Q,5
A3RXQQWRXUAF8B,B005SNNE1Q,5
A3OUQU5WD44Y4W,B005SNNE1Q,5
A2NLGAVOF35E16,B005SNNE1Q,5
A268M04AC2K4LP,B005SNNE1Q,5
A1JZQREGT21272,B005SNNE1Q,4
A22T99L8AJGXFM,B005SNNE1Q,5
A3FTBS8ZM6EPRK,B005SNNE1Q,5
AS7621XF5BW0T,B005SNNE1Q,5
A2UWJYIMCKDDP2,B005SNNE1Q,5
A26Q76GBWC6OCL,B005SNNE1Q,5
A26Q76GBWC6OCL,B005SNNE1Q,5
A1LFLLLWKSXDES,B005SNNE1Q,1
A1Y8SNV5SVO3YM,B005TMMAHU,5
A2M3CUDYRKM9CV,B005TMMAHU,5
AEAC5OJ7FX0Z3,B005TMMAHU,5
A2U4YOLR0BMKHL,B005TMMAHU,5
A3QTZ4GWCCJ0X0,B005TMMAHU,5
A2TVE9UESQRETI,B005TMMAHU,5
ANS66B17D7381,B005TMMAHU,5
A1XS82N1EEJYBD,B005TMMAHU,5
A1HKAWLLYAPMO7,B005TMMAHU,5
A4F05USD3H5TV,B005TMMAHU,2
AGUB36NO7BSDR,B005TMMAHU,5
A3UHUP814K2GVU,B005TMMAHU,5
A14LQQFCR8K3LI,B005TMMAHU,1
A2R15ED2CYS21N,B005TMMAHU,3
AOP2X3D2INRW6,B005TMMAHU,5
ADAG3XK1D9V0A,B005TMMAHU,5
A2W9OEZ4YUPJ3U,B005TMMAHU,5
A39Y702EFQOVNG,B005TMMAHU,5
A19VS13GA2YF0T,B005TMMAHU,4
A1A10ANWXDPIK2,B005TMMAHU,5
A22T99L8AJGXFM,B005TMMAHU,5
AH6N2RO91843L,B005TMMAHU,5
A28UBYNJRKU4D6,B005TMMAHU,3
AV2QEVD6YF42H,B005TMMAHU,5
A2821JHS6G012Y,B005TMMAHU,5
A36IO02PJAU26B,B005TMMAHU,4
AQEZ1V5XDMHL2,B005ZD6WQS,5
A3BM5X39NJNAUZ,B005ZD6WQS,3
AJSDV5OVPZ7Y3,B005ZD6WQS,5
A1BFUWT32P1DXR,B005ZD6WQS,5
ADCMBZPN5N9YA,B005ZD6WQS,5
A1PKB9XJVTQAXN,B005ZD6WQS,4
A39Y702EFQOVNG,B005ZD6WQS,4
A28UBYNJRKU4D6,B005ZD6WQS,4
A3VJ27IYOG4BDB,B0062ICRGE,5
A3LIA3IC1ERMUA,B0062ICRGE,5
A2Z29Y2RPTA0PT,B0062ICRGE,1
AVSJ4U3W2V0SP,B0062ICRGE,5
A2E6AWSRJ2ZYO9,B0062ICRGE,5
AQAOCDBV1QDUM,B0062ICRGE,5
A19OR219RUYPHM,B0062ICRGE,5
A1HJSE311DIDRK,B0062ICRGE,5
APFSVCQW44RXA,B0062ICRGE,5
A2N47GVERJ9HY1,B0062ICRGE,5
A38FWEVG17KN0Z,B0062ICRGE,5
A981041CJ9ZBF,B0062ICRGE,5
A1MLCAGEWDYXL8,B0062ICRGE,5
A2J8ZDQOMRGEQ9,B0062ICRGE,5
A1TICZ9AMS01H5,B0062ICRGE,5
A3AV99YD9S9YTT,B0062ICRGE,1
A3OIMDDBHT2AYB,B0062ICRGE,4
A2R6CF9ZVJ7MPX,B006AUZYMS,5
A19OR219RUYPHM,B006AUZYMS,5
A18CQ2BU6CV8WR,B006AUZYMS,5
A2UZJ4QQ4XB37Y,B006AUZYMS,4
AZD8GF72O1T26,B006AUZYMS,5
AIH05X9KBQWX4,B006AUZYMS,5
A9VT5R7K6EVYP,B0072K8EYK,5
AFZC9O52280S2,B0072K8EYK,5
A2BA81P2S8JC3K,B0072K8EYK,5
A24XXYT6AFER4K,B0072K8EYK,5
AH6N2RO91843L,B0072K8EYK,5
A2UWJYIMCKDDP2,B0072K8EYK,5
A2M3CUDYRKM9CV,B0072K8EYK,5
A2GUU2169Q5N6E,B0072K8EYK,5
APHZGTKEWTQ40,B0078LXM40,5
A3ODHMVEMGG93Z,B0078LXM40,5
AADVOV0BLDN3E,B0078LXM40,5
A3AMIGUD1UCDF,B0078LXM40,5
A3KEP3IFR2OZUQ,B0078LXM40,5
AEAC5OJ7FX0Z3,B0078LXM40,5
A4UUWN5VTEU88,B0078LXM40,5
AJ1DVJZCJDNXJ,B0078LXM40,5
A2ACRRISUPMZWJ,B0078LXM40,5
A28K4ZATP5520J,B0078LXM40,5
AW80F6GE4YUIS,B0078LXM40,4
AUGGOB99VRU6U,B0078LXM40,5
A3O3V7DXDN2EQH,B0078LXM40,5
A2W22FKUPHPBMY,B0078LXM40,5
A2MREK75EM9TZO,B0078LXM40,5
A15E81AMEDTMU7,B0078LXM40,5
A1RNVKFD1PF1QF,B0078LXM40,5
A2NF15AKMNRPA6,B0078LXM40,5
A5QQ5OC488CB7,B0078LXM40,5
A1D4RHE9LBL5H,B0078LXM40,5
A3LIA3IC1ERMUA,B0078LXM40,5
A2E5ZLFPFIH8MF,B0078LXM40,5
A4MWP92EJDKFG,B0078LXM40,5
A2F2KL35PTQ8BS,B0078LXM40,5
A1EVUCHTTUQ5TV,B0078LXM40,5
A1PXR4YVZU8I76,B0078LXM40,5
A3IG1R5IOVHFXR,B0078ZZ6RM,5
A3VKV6D9D0ALU9,B0078ZZ6RM,5
ABDQ0DVCL2CMO,B0078ZZ6RM,5
A2KEF7YA26UHYA,B0078ZZ6RM,5
ASR6B1JIJFD31,B0078ZZ6RM,4
ANHHP64XHZEEU,B0078ZZ6RM,5
A1L08O60MXPCYA,B0078ZZ6RM,5
AH6XZ1BCXY4I6,B0078ZZ6RM,5
A2Z29Y2RPTA0PT,B0078ZZ6RM,5
A1M9J5T8PRI2H8,B0078ZZ6RM,5
AADVOV0BLDN3E,B0078ZZ6RM,4
AMPWQNE2UCWAO,B0078ZZ6RM,5
A3FEE03P1LZC76,B0078ZZ6RM,4
A3Q03O4Q8GKT8G,B0078ZZ6RM,5
A2KKXX9VC0ZQMJ,B0078ZZ6RM,5
A2FJMALXP72F0N,B0078ZZ6RM,5
A15E81AMEDTMU7,B0078ZZ6RM,5
A1D9DNXBQDNGL2,B0078ZZ6RM,5
A3BAXEUKF8QSDF,B0078ZZ6RM,5
A2WDCDHR49DP06,B0078ZZ6RM,5
A3P0U427KLLL69,B0078ZZ6RM,5
AMOLUSI1RUF0B,B0078ZZ6RM,2
A2NLGAVOF35E16,B0078ZZ6RM,5
A2C60DM97P22EJ,B0078ZZ6RM,5
A1ALGCU6SB1J9,B0078ZZ6RM,5
A2JQK656WX1NBW,B0078ZZ6RM,5
A1EVUCHTTUQ5TV,B0078ZZ6RM,3
A1134GV44SWB4N,B0078ZZ6RM,5
A2W9OEZ4YUPJ3U,B0078ZZ6RM,5
A366240WSC7ZWO,B0078ZZ6RM,1
AO84KHY4RD89J,B0078ZZ6RM,5
A3LCGB8BMZVRJL,B0078ZZ6RM,5
AF8V9AC4GT2FC,B0078ZZ6RM,5
A2BA81P2S8JC3K,B0078ZZ6RM,5
A1A10ANWXDPIK2,B0078ZZ6RM,5
A2R6CF9ZVJ7MPX,B0078ZZ6RM,5
ABIWW6V0V01L6,B0078ZZ6RM,5
A3FTBS8ZM6EPRK,B0078ZZ6RM,5
A3RX60UT05SL7M,B0078ZZ6RM,4
A2VYWAX608EC7R,B0078ZZ6RM,5
A1V1SG67P2DB0M,B0078ZZ6RM,3
A3JCQT6DESOMHN,B0078ZZ6RM,5
A2UWJYIMCKDDP2,B0078ZZ6RM,5
A1Z0NQAZWJ3YKP,B007BF9102,5
A26Q76GBWC6OCL,B007BF9102,5
A16J2L207DI5WU,B007BF9102,1
A2KEF7YA26UHYA,B007BF9102,5
A3Q03O4Q8GKT8G,B007BF9102,4
A981041CJ9ZBF,B007BF9102,5
A3VT43NITC2VNU,B007I4GHFI,5
A2R6CF9ZVJ7MPX,B007I4GHFI,5
ANS66B17D7381,B007I4GHFI,5
A2VSF2M5A8YIQ4,B007I4GHFI,4
A11Q7VOCAGFL1W,B007I4GHFI,5
A2RIAVIXTSI645,B007I4GHFI,5
A14Q8VHX7YD2O9,B00836Y6B2,5
A1C6XNOYH13S61,B00836Y6B2,5
A3U1J3Z55AFZZO,B00836Y6B2,5
A398X00E4KYZIY,B00836Y6B2,5
A2BA81P2S8JC3K,B00836Y6B2,5
A242ADDCE3YB3U,B00836Y6B2,5
AV2QEVD6YF42H,B00836Y6B2,5
A2RMXBH8EGLUR0,B0085EIE38,4
A2XAQRHCBM4NK4,B0085EIE38,3
A2GUU2169Q5N6E,B0085EIE38,5
A2IZ77MRDPO9E5,B0085EIE38,5
A1KHGZDTNXCOW9,B0085EIE38,5
AG0G4FS4SB5OX,B0085EIE38,5
A20JHD5TACTNSA,B0085EIE38,5
AJSDV5OVPZ7Y3,B0085EIE38,5
AGUB36NO7BSDR,B0085EIE38,5
A3Q03O4Q8GKT8G,B0085EIE38,5
A2HOA6QXF66QF5,B0085EIE38,5
A2KKXX9VC0ZQMJ,B0085EIE38,5
A2FJMALXP72F0N,B0085EIE38,5
A3FV8Z6RGVW5OL,B0085EIE38,4
A36IO02PJAU26B,B0085EIE38,4
AKO3G1UUTKX3H,B0085EIE38,5
A1O5833KLG4OG0,B0085EIE38,4
A1MLCAGEWDYXL8,B0085EIE38,5
A7UW5SNLLME0F,B0085EIE38,5
A1HKAWLLYAPMO7,B0085EIE38,4
A1C6XNOYH13S61,B0085EIE38,5
A1JZQREGT21272,B0085EIE38,2
A1KBJ4YJ9P888Z,B0085EIE38,1
A1Z0NQAZWJ3YKP,B0085EIE38,5
A2MTT2IOB6L6Q2,B0085EIE38,5
AH6XZ1BCXY4I6,B0085EIE38,5
A2VYWAX608EC7R,B0085EIE38,5
A2VYWAX608EC7R,B0085EIE38,5
A3LNGE104A7NH,B0085EIE38,5
A22FN99RW55WEO,B0085EIE38,5
A3EC1NGES4NLE5,B0085EIE38,5
AMH34DUPANIZZ,B0085EIE38,4
AF8V9AC4GT2FC,B0085EIE38,5
A3KZA7WUKMZANR,B0085EIE38,5
A1L08O60MXPCYA,B0085EIE38,5
A242ADDCE3YB3U,B0085EIE38,5
A8WQ5QPBDRG6K,B008DYS016,5
A2Z29Y2RPTA0PT,B008DYS016,5
A1M9J5T8PRI2H8,B008DYS016,5
A1VOY7ES8SW7MD,B008DYS016,5
AXKTC9FEVLY0W,B008DYS016,5
A39B695IMLSML,B008DYS016,5
A1FHEY39CALGF2,B008DYS016,5
A3QBW8DMNKSBGM,B008DYS016,5
AJSDV5OVPZ7Y3,B008DYS016,5
A1YWZ3AVX6OFUC,B008DYS016,1
A15E81AMEDTMU7,B008DYS016,5
A15E81AMEDTMU7,B008DYS016,5
A2SYARR444J7Z6,B008DYS016,5
A1RNVKFD1PF1QF,B008DYS016,5
A908CRZDXABQ,B008DYS016,4
A3OUQU5WD44Y4W,B008DYS016,4
AKO3G1UUTKX3H,B008DYS016,5
A13R0XXYR3MX51,B008DYS016,5
A3NMGYPMG4EZ2V,B008DYS016,5
A34L377NKGJ1RU,B008DYS016,5
A1OWWFKTVCFB3T,B008DYS016,5
A268M04AC2K4LP,B008DYS016,5
A28QRFX92EXTFG,B008DYS016,5
A7UW5SNLLME0F,B008DYS016,5
A3LCGB8BMZVRJL,B008DYS016,5
A355G2TC389N1K,B008DYS016,5
A307QLBGIBBLUF,B008DYS016,4
A1MVOR4P5G8KIM,B008DYS016,5
A11Q7VOCAGFL1W,B008DYS016,5
A3U1J3Z55AFZZO,B008DYS016,5
A2R15ED2CYS21N,B008DYS016,5
A37U61Y2O1ZJ0G,B008DYS016,5
A1XYXB8QV7IV9S,B008DYS016,5
A1YLFOPZH8Q7GK,B008DYS016,5
AH6N2RO91843L,B008DYS016,5
A2M3CUDYRKM9CV,B008DYS016,5
A2H938QC8GJR9O,B008DYS016,5
A2O08J1QZPCO53,B008MC3N34,5
A4H0YLFB3AU3Y,B008MC3N34,4
A19OR219RUYPHM,B008MC3N34,5
A3L9DYR3CACMIQ,B008MC3N34,5
A1BFUWT32P1DXR,B008MC3N34,5
A10OJXPDFE0GOK,B008MC3N34,5
A18CQ2BU6CV8WR,B008MC3N34,4
A39B695IMLSML,B008MC3N34,5
A1GNL6V10GUU3B,B008MC3N34,5
A26OK5EI9T2GUC,B008MC3N34,5
A3EXISF8YADM3E,B008MC3N34,5
A2QNV2FW9U3A3A,B008QVR332,5
A2MAF3ERMSIG6I,B008QVR332,3
A1RNVKFD1PF1QF,B008QVR332,5
A2LY4B3VOG7JQC,B008QVR332,5
A3EC1NGES4NLE5,B008QVR332,5
A1Y8SNV5SVO3YM,B008QVR332,5
A2GUU2169Q5N6E,B008QVR332,5
A25FDSTIHHAFKX,B00915VL58,5
A1HJSE311DIDRK,B00915VL58,5
A3UHUP814K2GVU,B00915VL58,5
A2O08J1QZPCO53,B00915VL58,5
A4H0YLFB3AU3Y,B00915VL58,4
A22QG885JF426G,B00915VL58,4
A2U44VA0G6MNOI,B00915VL58,5
A19OR219RUYPHM,B00915VL58,5
A3L9DYR3CACMIQ,B00915VL58,5
A3RS3L4NL8GW,B00915VL58,5
A1BFUWT32P1DXR,B00915VL58,5
A10OJXPDFE0GOK,B00915VL58,5
A2KKXX9VC0ZQMJ,B00915VL58,5
A18CQ2BU6CV8WR,B00915VL58,4
A39B695IMLSML,B00915VL58,5
A1UG4MNNMUMGHJ,B00915VL58,5
A1GNL6V10GUU3B,B00915VL58,5
A26OK5EI9T2GUC,B00915VL58,5
A26OK5EI9T2GUC,B00915VL58,5
A3EXISF8YADM3E,B00915VL58,5
A2JBWGFRJ05Z8D,B00915VL58,5
AIH05X9KBQWX4,B00915VL58,3
A16OQXVU832Q66,B0092ZX2Q8,5
AN5JW86H0FHGY,B0092ZX2Q8,5
A2MAF3ERMSIG6I,B0092ZX2Q8,5
AZD8GF72O1T26,B0092ZX2Q8,3
A3RS3L4NL8GW,B0092ZX2Q8,5
A1CLYC5TACQQQP,B0092ZX2Q8,5
A3IG1R5IOVHFXR,B0099LATZ2,5
A2U4YOLR0BMKHL,B0099LATZ2,5
AZD8GF72O1T26,B0099LATZ2,5
A2N47GVERJ9HY1,B0099LATZ2,5
A28QRFX92EXTFG,B0099LATZ2,5
A3E3TOX6MNRIRY,B0099LATZ2,5
A3VVMIMMTYQV5F,B0099LATZ2,4
A3VVMIMMTYQV5F,B0099LATZ2,4
AMH34DUPANIZZ,B0099LATZ2,5
A1D7P4FDK8BOS0,B009ZC90P0,5
A3LNGE104A7NH,B009ZC90P0,5
A2EHKMDZVV63IV,B009ZC90P0,1
A908CRZDXABQ,B009ZC90P0,5
A1L0YZBI08D167,B009ZC90P0,5
A242ADDCE3YB3U,B009ZC90P0,4
A3IG1R5IOVHFXR,B00A29WCA0,5
APHZGTKEWTQ40,B00A29WCA0,5
AEXIJT4LD11CD,B00A29WCA0,5
A3BM5X39NJNAUZ,B00A29WCA0,3
A4H0YLFB3AU3Y,B00A29WCA0,4
AEVDEVIJHI3B6,B00A29WCA0,5
AI2DP6ZXAO2B7,B00A29WCA0,5
A6JJG3RLB3AZ1,B00A29WCA0,3
A2SOZCP9S83GN8,B00A29WCA0,5
A2IZ77MRDPO9E5,B00A29WCA0,5
AB7K9KRXSKE2S,B00A29WCA0,5
A2KEF7YA26UHYA,B00A29WCA0,5
A1V3FW0XN7QBSL,B00A29WCA0,5
A22QG885JF426G,B00A29WCA0,5
A3KEP3IFR2OZUQ,B00A29WCA0,5
AJ1DVJZCJDNXJ,B00A29WCA0,5
A2U4YOLR0BMKHL,B00A29WCA0,5
ASZE5BL3E3ZHG,B00A29WCA0,5
A2MAF3ERMSIG6I,B00A29WCA0,5
A3QTZ4GWCCJ0X0,B00A29WCA0,5
A2ACRRISUPMZWJ,B00A29WCA0,5
A2TVE9UESQRETI,B00A29WCA0,5
A5QQ5OC488CB7,B00A29WCA0,5
ANS66B17D7381,B00A29WCA0,5
A2QNV2FW9U3A3A,B00A29WCA0,5
A19OR219RUYPHM,B00A29WCA0,5
A1YPVD1SP9PVHI,B00A29WCA0,5
AH6XZ1BCXY4I6,B00A29WCA0,5
A2VSF2M5A8YIQ4,B00A29WCA0,5
A1M9J5T8PRI2H8,B00A29WCA0,5
A2EMA184DPM05,B00A29WCA0,5
A3J3WONG7SQDK9,B00A29WCA0,5
AXKTC9FEVLY0W,B00A29WCA0,5
A3OACF4Q24SPKD,B00A29WCA0,5
A1LFLLLWKSXDES,B00A29WCA0,5
A13MSOD93RH5BW,B00A29WCA0,5
A4F05USD3H5TV,B00A29WCA0,5
AJSDV5OVPZ7Y3,B00A29WCA0,5
A27URUYH8XCZQZ,B00A29WCA0,5
AXJ4A11T43Q0K,B00A29WCA0,5
A21S84MRRKVAUN,B00A29WCA0,4
A3L1XVK3Y8E7FU,B00A29WCA0,5
A3FV8Z6RGVW5OL,B00A29WCA0,3
A1WHB9H1AIF947,B00A29WCA0,5
A3JZ9F1WEKGE6U,B00A29WCA0,5
A38FWEVG17KN0Z,B00A29WCA0,5
A3BAXEUKF8QSDF,B00A29WCA0,5
A1KOZHN3ON5PGG,B00A29WCA0,5
A2WDCDHR49DP06,B00A29WCA0,5
A36IO02PJAU26B,B00A29WCA0,4
A20OMWEBP09ND,B00A29WCA0,5
A908CRZDXABQ,B00A29WCA0,5
A1601RU0RU6L9N,B00A29WCA0,5
A2XFO7JKA6DMLU,B00A29WCA0,5
ATWDCYVND935I,B00A29WCA0,5
A26Z6BUMK53HNB,B00A29WCA0,5
A3LNGE104A7NH,B00A29WCA0,1
A3RO95VKUI1QQT,B00A29WCA0,5
ADKRA9ZAFYRVW,B00A29WCA0,5
A3OUQU5WD44Y4W,B00A29WCA0,4
A3P0U427KLLL69,B00A29WCA0,5
A1MII57V54764P,B00A29WCA0,5
AOP2X3D2INRW6,B00A29WCA0,5
A242ADDCE3YB3U,B00A29WCA0,5
A18MHDJOCNNSB9,B00A29WCA0,4
A1JTYY6WIPVUXI,B00A29WCA0,5
A12V7BFRODAIC1,B00A29WCA0,5
A5VPJMDSJW7FD,B00A29WCA0,5
A2P872PWUK9LQ4,B00A29WCA0,5
A3KSIM93X0J1WB,B00A29WCA0,5
ADAG3XK1D9V0A,B00A29WCA0,5
A1L0YZBI08D167,B00A29WCA0,5
A2UGSJ7FSWA6YU,B00A29WCA0,5
A1C6WBNJHQ2VIQ,B00A29WCA0,5
A1GNL6V10GUU3B,B00A29WCA0,5
A39Y702EFQOVNG,B00A29WCA0,5
A268M04AC2K4LP,B00A29WCA0,5
A2RIOMTJ5EB2O5,B00A29WCA0,5
A2JAP5TEARILX8,B00A29WCA0,5
A2O08J1QZPCO53,B00A29WCA0,5
A2W9OEZ4YUPJ3U,B00A29WCA0,5
A3PY7U7QT77GS1,B00A29WCA0,5
A2N9U76XPCKLP2,B00A29WCA0,4
A3LCGB8BMZVRJL,B00A29WCA0,5
A2WED798Q67FKC,B00A29WCA0,5
A83RKRWKZT917,B00A29WCA0,5
ADCMBZPN5N9YA,B00A29WCA0,5
AF8V9AC4GT2FC,B00A29WCA0,5
A2R15ED2CYS21N,B00A29WCA0,5
A2BA81P2S8JC3K,B00A29WCA0,5
A2BA81P2S8JC3K,B00A29WCA0,5
A3VKV6D9D0ALU9,B00A29WCA0,5
A31MQ7WDEULTCQ,B00A29WCA0,5
AF54V9D0YCQ2I,B00A29WCA0,5
A2KETUOZTO0MN9,B00A29WCA0,5
A37U61Y2O1ZJ0G,B00A29WCA0,5
A1Z0NQAZWJ3YKP,B00A29WCA0,5
ADCMBZPN5N9YA,B00A29WCA0,5
A2RIAVIXTSI645,B00A29WCA0,5
A1D9DNXBQDNGL2,B00A29WCA0,5
A2WED798Q67FKC,B00A29WCA0,5
A3UHUP814K2GVU,B00A29WCA0,5
A1D4RHE9LBL5H,B00A29WCA0,5
A1KBJ4YJ9P888Z,B00A29WCA0,5
A1KEICSAAW6OKL,B00A29WCA0,5
A219328DJ070P6,B00A29WCA0,5
A2MTT2IOB6L6Q2,B00A29WCA0,5
AX4PXKR06TGLP,B00A29WCA0,5
A2F2KL35PTQ8BS,B00A29WCA0,5
A2VYWAX608EC7R,B00A29WCA0,5
A2VYWAX608EC7R,B00A29WCA0,5
A3RS1RY6BGPD9J,B00A29WCA0,5
A3FTBS8ZM6EPRK,B00A29WCA0,5
A2N47GVERJ9HY1,B00A29WCA0,5
A3LIA3IC1ERMUA,B00A29WCA0,5
AYB1YSWAF8AWN,B00A29WCA0,5
AEAC5OJ7FX0Z3,B00A29WCA0,5
A3NMGYPMG4EZ2V,B00A29WCA0,5
A28QRFX92EXTFG,B00A29WCA0,5
ABDR6IJ93HFIO,B00A29WCA0,5
A1MOCOD2X9GURB,B00A29WCA0,5
AQAOCDBV1QDUM,B00A29WCA0,5
A3NCI84F8FVSUT,B00AEK5V5K,5
APHZGTKEWTQ40,B00AEK5V5K,5
AYDLETEYQFTDE,B00AEK5V5K,5
A25VMW6X1MUN14,B00AEK5V5K,5
ASZE5BL3E3ZHG,B00AEK5V5K,5
A1C6WBNJHQ2VIQ,B00AEK5V5K,5
ABIWW6V0V01L6,B00AEK5V5K,5
A355G2TC389N1K,B00AEK5V5K,5
A21S84MRRKVAUN,B00AEK5V5K,4
A38FWEVG17KN0Z,B00AEK5V5K,5
A26Z6BUMK53HNB,B00AEK5V5K,5
AMOLUSI1RUF0B,B00AEK5V5K,4
A12V7BFRODAIC1,B00AEK5V5K,5
A1GNL6V10GUU3B,B00AEK5V5K,5
A1RNVKFD1PF1QF,B00AEK5V5K,5
ADAG3XK1D9V0A,B00AEK5V5K,5
A1D4RHE9LBL5H,B00AEK5V5K,5
AFZC9O52280S2,B00AEK5V5K,5
A2BA81P2S8JC3K,B00AEK5V5K,5
AC0VLOKGH40PV,B00AEK5V5K,5
AMH34DUPANIZZ,B00AEK5V5K,5
A1KBJ4YJ9P888Z,B00AEK5V5K,4
A2VYWAX608EC7R,B00AEK5V5K,5
A2W22FKUPHPBMY,B00AEK5V5K,5
A2SYARR444J7Z6,B00AIU4ZDA,5
A2PGU5W0LZGEQG,B00AIU4ZDA,4
A2RIOMTJ5EB2O5,B00AIU4ZDA,5
A83RKRWKZT917,B00AIU4ZDA,2
A3372ZE79SSIHP,B00AIU4ZDA,1
A2821JHS6G012Y,B00AIU4ZDA,5
A18CQ2BU6CV8WR,B00AKG2XSQ,5
A3ODHMVEMGG93Z,B00AKG2XSQ,4
AF8V9AC4GT2FC,B00AKG2XSQ,5
A1JTYY6WIPVUXI,B00AKG2XSQ,5
A3477O7Y026ARP,B00AKG2XSQ,5
A2EHKMDZVV63IV,B00AKG2XSQ,4
A3L9DYR3CACMIQ,B00AKG2XSQ,1
A2FNH22PEY47RT,B00AKG2XSQ,5
A2GUU2169Q5N6E,B00ASYZWNI,5
A2Z29Y2RPTA0PT,B00ASYZWNI,5
A4UUWN5VTEU88,B00ASYZWNI,5
A2TNGCUS3K32MS,B00ASYZWNI,5
A2U44VA0G6MNOI,B00ASYZWNI,5
A1MVOR4P5G8KIM,B00ASYZWNI,5
A3QBW8DMNKSBGM,B00B04UG6I,3
A1RDI79LPL1H7L,B00B04UG6I,5
A26Z6BUMK53HNB,B00B04UG6I,4
ADKRA9ZAFYRVW,B00B04UG6I,5
A1ALGCU6SB1J9,B00B04UG6I,5
A1OWWFKTVCFB3T,B00B04UG6I,5
A7UW5SNLLME0F,B00B04UG6I,5
A1Z0NQAZWJ3YKP,B00B04UG6I,5
A2M3CUDYRKM9CV,B00B04UG6I,5
AJ1DVJZCJDNXJ,B00B04UG6I,5
A27URUYH8XCZQZ,B00B15ZVTS,5
A2XFO7JKA6DMLU,B00B15ZVTS,5
A1L0YZBI08D167,B00B15ZVTS,5
A1GNL6V10GUU3B,B00B15ZVTS,5
A1YLFOPZH8Q7GK,B00B15ZVTS,5
ABDR6IJ93HFIO,B00B15ZVTS,5
A2N6W9YXZGD6P4,B00B3HX5Y2,5
A981041CJ9ZBF,B00B3HX5Y2,5
ATBZNKRPU0HTK,B00B3HX5Y2,5
A3O3V7DXDN2EQH,B00B3HX5Y2,5
A1RNVKFD1PF1QF,B00B3HX5Y2,5
AP0HMWC3KIUN0,B00B3HX5Y2,5
ABDR6IJ93HFIO,B00B3HX5Y2,5
A3NCI84F8FVSUT,B00B3HX5Y2,5
A6JJG3RLB3AZ1,B00B3HX5Y2,3
A1Y8SNV5SVO3YM,B00B90KCNU,5
ABDQ0DVCL2CMO,B00B90KCNU,5
A3QTZ4GWCCJ0X0,B00B90KCNU,5
A1KD6LSHEO7E1C,B00B90KCNU,5
A1UPP0ZIE2C5AB,B00B90KCNU,5
A3LB5474SNTLSO,B00B90KCNU,5
AAW91SZJHFB79,B00B90KCNU,5
A4F05USD3H5TV,B00B90KCNU,5
A3J3WONG7SQDK9,B00B90KCNU,5
A97RG4XG2R41T,B00B90KCNU,4
AJSDV5OVPZ7Y3,B00BBFOO28,5
A27URUYH8XCZQZ,B00BBFOO28,5
A3MI8AZFYB2Q3J,B00BBFOO28,5
A3P0U427KLLL69,B00BBFOO28,5
A3U1J3Z55AFZZO,B00BBFOO28,5
A2KJX3K63I3K0U,B00BBFOO28,5
A2F2KL35PTQ8BS,B00BBFOO28,5
A3NCI84F8FVSUT,B00BC0WNUC,5
AEXIJT4LD11CD,B00BC0WNUC,5
A2N47GVERJ9HY1,B00BC0WNUC,5
A3VKV6D9D0ALU9,B00BC0WNUC,5
A2T3AT6P5Z1T3T,B00BC0WNUC,5
AYYOB060VR9GM,B00BC0WNUC,5
A19OR219RUYPHM,B00BC0WNUC,5
APFSVCQW44RXA,B00BC0WNUC,5
A22FN99RW55WEO,B00BC0WNUC,5
A2KKXX9VC0ZQMJ,B00BC0WNUC,5
A3JZ9F1WEKGE6U,B00BC0WNUC,5
A38FWEVG17KN0Z,B00BC0WNUC,5
A1X8GZ9NKNQWPN,B00BC0WNUC,5
A3EBY4ZYGZ3Q4Q,B00BC0WNUC,5
A1D9DNXBQDNGL2,B00BC0WNUC,5
A2E5ZLFPFIH8MF,B00BC0WNUC,4
A5QQ5OC488CB7,B00BC0WNUC,5
A2UGSJ7FSWA6YU,B00BC0WNUC,5
A15V5CSE551V5K,B00BC0WNUC,5
A2O08J1QZPCO53,B00BC0WNUC,5
A19VS13GA2YF0T,B00BC0WNUC,4
AAW91SZJHFB79,B00BC0WNUC,5
AG5CKSLAFZ5L3,B00BC0WNUC,5
A398X00E4KYZIY,B00BC0WNUC,5
A2W22FKUPHPBMY,B00BC0WNUC,5
AV2QEVD6YF42H,B00BC0WNUC,5
A1WHB9H1AIF947,B00BDBEZEC,5
A1134GV44SWB4N,B00BDBEZEC,5
ABWJPTQTSCH3E,B00BDBEZEC,5
AFZC9O52280S2,B00BDBEZEC,5
AF8V9AC4GT2FC,B00BDBEZEC,5
A3G4346778UN92,B00BDBEZEC,5
A34L377NKGJ1RU,B00BDBEZEC,5
A28UBYNJRKU4D6,B00BDBEZEC,4
AYDLETEYQFTDE,B00BI9AKJI,5
A2MDMGH76JU99O,B00BI9AKJI,5
AUHCIUXPYDX6C,B00BI9AKJI,5
A1KHGZDTNXCOW9,B00BI9AKJI,5
A1D7P4FDK8BOS0,B00BI9AKJI,5
A28QRFX92EXTFG,B00BI9AKJI,5
AAW91SZJHFB79,B00BI9AKJI,5
AXO47B7UAEQ4I,B00BI9AKJI,5
A2U4YOLR0BMKHL,B00BI9AKJI,5
A2TNGCUS3K32MS,B00BI9AKJI,5
A2N6W9YXZGD6P4,B00BI9AKJI,5
A1VOY7ES8SW7MD,B00BI9AKJI,5
A2FJMALXP72F0N,B00BI9AKJI,5
AOLW1BLO6VF54,B00BI9AKJI,5
A3FEE03P1LZC76,B00BI9AKJI,5
A2KJX3K63I3K0U,B00BI9AKJI,5
A1YWZ3AVX6OFUC,B00BI9AKJI,5
AGUB36NO7BSDR,B00BI9AKJI,5
A1LR2H3V3EIVIY,B00BI9AKJI,5
A18MHDJOCNNSB9,B00BI9AKJI,4
A2MAF3ERMSIG6I,B00BI9AKJI,5
ABIWW6V0V01L6,B00BI9AKJI,5
A2FNH22PEY47RT,B00BI9AKJI,5
AL9PCRLOO744J,B00BI9AKJI,5
AP0HMWC3KIUN0,B00BI9AKJI,5
A1134GV44SWB4N,B00BI9AKJI,5
A268M04AC2K4LP,B00BI9AKJI,1
AFZC9O52280S2,B00BI9AKJI,5
AXJ4A11T43Q0K,B00BI9AKJI,3
AGCAYOXLRSFMK,B00BI9AKJI,5
A2WED798Q67FKC,B00BI9AKJI,5
A2VYWAX608EC7R,B00BI9AKJI,5
A3VJ27IYOG4BDB,B00BI9AKJI,5
A3ODHMVEMGG93Z,B00BKRXEIC,5
A2N6W9YXZGD6P4,B00BKRXEIC,5
A1YPVD1SP9PVHI,B00BKRXEIC,5
A3L9DYR3CACMIQ,B00BKRXEIC,5
A3Q03O4Q8GKT8G,B00BKRXEIC,5
AP5FKP48ZR9BO,B00BKRXEIC,5
A1GNL6V10GUU3B,B00BKRXEIC,5
AA46TP3T0MVB,B00BKRXEIC,4
A27RA2E3NEMVH1,B00BKRXEIC,5
A2VYWAX608EC7R,B00BKRXEIC,3
A2JBWGFRJ05Z8D,B00BKRXEIC,4
A4MWP92EJDKFG,B00BKRXEIC,5
A1Y8SNV5SVO3YM,B00BNR58GU,5
A28UBYNJRKU4D6,B00BNR58GU,4
ATS78EXQTJ0NM,B00BNR58GU,4
AJSDV5OVPZ7Y3,B00BNR58GU,5
A1MVOR4P5G8KIM,B00BNR58GU,5
AKO3G1UUTKX3H,B00BNR58GU,5
A1JTYY6WIPVUXI,B00BNR58GU,5
AN5JW86H0FHGY,B00BNR58GU,5
AMOLUSI1RUF0B,B00BNR58GU,5
AP0HMWC3KIUN0,B00BNR58GU,5
AG5CKSLAFZ5L3,B00BNR58GU,5
A9VT5R7K6EVYP,B00BNR58GU,5
A1TQ3F2BBXYKUA,B00BNR58GU,5
A2R15ED2CYS21N,B00BNR58GU,5
AF54V9D0YCQ2I,B00BNR58GU,5
A3G4346778UN92,B00BNR58GU,5
A3H3ESFIZ7NPRK,B00BV1MVJ0,5
A3E3TOX6MNRIRY,B00BV1MVJ0,5
AYDLETEYQFTDE,B00BV1MVJ0,5
ATF2LHE80W43G,B00BV1MVJ0,5
A2V36ZOEXQV8UM,B00BV1MVJ0,5
APCEENXU71WFI,B00BV1MVJ0,5
AUHCIUXPYDX6C,B00BV1MVJ0,5
A3VKV6D9D0ALU9,B00BV1MVJ0,5
A2XDMPO3OMLADN,B00BV1MVJ0,5
AB7K9KRXSKE2S,B00BV1MVJ0,5
A3U1J3Z55AFZZO,B00BV1MVJ0,5
A20T3V5VKS60MY,B00BV1MVJ0,5
A2QNV2FW9U3A3A,B00BV1MVJ0,5
A19OR219RUYPHM,B00BV1MVJ0,5
A3OUQU5WD44Y4W,B00BV1MVJ0,5
A2PGU5W0LZGEQG,B00BV1MVJ0,5
ATBZNKRPU0HTK,B00BV1MVJ0,5
A1OWWFKTVCFB3T,B00BV1MVJ0,5
A1A10ANWXDPIK2,B00BV1MVJ0,5
A1QPLMB8S5KZDD,B00BV1MVJ0,5
A366240WSC7ZWO,B00BV1MVJ0,5
A9VT5R7K6EVYP,B00BV1MVJ0,5
AFZC9O52280S2,B00BV1MVJ0,5
A3J3WONG7SQDK9,B00BV1MVJ0,5
A3UHUP814K2GVU,B00BV1MVJ0,5
ABIWW6V0V01L6,B00BV1MVJ0,5
A2VYWAX608EC7R,B00BV1MVJ0,5
A3RS1RY6BGPD9J,B00BV1MVJ0,5
A3KZA7WUKMZANR,B00BV1MVJ0,4
A3VT43NITC2VNU,B00C1DIGRI,5
A2KKXX9VC0ZQMJ,B00C1DIGRI,5
A2E6AWSRJ2ZYO9,B00C1DIGRI,5
A18MHDJOCNNSB9,B00C1DIGRI,5
A1XS82N1EEJYBD,B00C1DIGRI,5
A3DU0N727F6ACF,B00C1DIGRI,5
AJ1DVJZCJDNXJ,B00C1DIGRI,5
A2N47GVERJ9HY1,B00C1DIGRI,5
A3UHUP814K2GVU,B00C1DIGRI,5
A981041CJ9ZBF,B00C1DIGRI,5
A3RO95VKUI1QQT,B00C1DIGRI,5
A20OMWEBP09ND,B00C1DIGRI,5
A10F15DU5XF86H,B00C1DIGRI,5
A274WNJFBIYQNE,B00C1DIGRI,1
A2E5ZLFPFIH8MF,B00C1DIGRI,4
A15V5CSE551V5K,B00C1DIGRI,5
ABIWW6V0V01L6,B00C1DIGRI,5
A3IAL2ZOJP8CEG,B00C9SH11C,5
AF8V9AC4GT2FC,B00C9SH11C,5
A2U4YOLR0BMKHL,B00C9SH11C,5
AF8JGVWR2KCZJ,B00C9SH11C,2
A2UM5TH732LWNI,B00C9SH11C,5
A3MWE9ODN0O95A,B00C9SH11C,5
A1V1SG67P2DB0M,B00C9SH11C,5
A3HAKR0NS6JLZW,B00C9SH11C,5
A1134GV44SWB4N,B00C9SH11C,5
A2PF1HVHWUFR5C,B00CBSX5U6,5
A3E3TOX6MNRIRY,B00CBSX5U6,5
A1V3FW0XN7QBSL,B00CBSX5U6,5
A2N6W9YXZGD6P4,B00CBSX5U6,5
A2HOA6QXF66QF5,B00CBSX5U6,5
A37U61Y2O1ZJ0G,B00CBSX5U6,5
A1UPP0ZIE2C5AB,B00CBSX5U6,5
A1RF31CYOKXIWM,B00CBSX5U6,5
ATBZNKRPU0HTK,B00CBSX5U6,5
A20T3V5VKS60MY,B00CBSX5U6,5
A31MQ7WDEULTCQ,B00CBSX5U6,5
A2PGU5W0LZGEQG,B00CBSX5U6,5
AP0HMWC3KIUN0,B00CBSX5U6,5
A5QQ5OC488CB7,B00CBSX5U6,5
A355G2TC389N1K,B00CBSX5U6,5
A1QPLMB8S5KZDD,B00CBSX5U6,5
A2C8N6W0XPYJB0,B00CBSX5U6,5
A22FN99RW55WEO,B00CBSX5U6,5
A268M04AC2K4LP,B00CBSX5U6,5
A3J3WONG7SQDK9,B00CBSX5U6,5
A39Y702EFQOVNG,B00CBSX5U6,5
A1KHVQUXZYG565,B00CBSX5U6,5
A1Z0NQAZWJ3YKP,B00CBSX5U6,5
A1KHVQUXZYG565,B00CBSX5U6,5
A398X00E4KYZIY,B00CBSX5U6,5
A24XXYT6AFER4K,B00CBSX5U6,5
A2JBWGFRJ05Z8D,B00CBSX5U6,5
ABIWW6V0V01L6,B00CBSX5U6,5
A3H3ESFIZ7NPRK,B00CIF9MJK,5
A242ADDCE3YB3U,B00CIF9MJK,5
A1GTTJMLYPG513,B00CIF9MJK,5
A3BM5X39NJNAUZ,B00CIF9MJK,3
AUHCIUXPYDX6C,B00CIF9MJK,1
A25VMW6X1MUN14,B00CIF9MJK,5
ATWDCYVND935I,B00CIF9MJK,5
A4MWP92EJDKFG,B00CIF9MJK,5
A236P8WWG8AZIO,B00CIF9MJK,5
A1XS82N1EEJYBD,B00CIF9MJK,5
AG0G4FS4SB5OX,B00CIF9MJK,5
A20JHD5TACTNSA,B00CIF9MJK,5
AJSDV5OVPZ7Y3,B00CIF9MJK,5
A31MQ7WDEULTCQ,B00CIF9MJK,5
A9VT5R7K6EVYP,B00CIF9MJK,5
A20T3V5VKS60MY,B00CIF9MJK,5
A1JZQREGT21272,B00CIF9MJK,4
AO84KHY4RD89J,B00CIF9MJK,5
ABWJPTQTSCH3E,B00CIF9MJK,5
AGCAYOXLRSFMK,B00CIF9MJK,5
AC0VLOKGH40PV,B00CIF9MJK,5
A2KETUOZTO0MN9,B00CIF9MJK,4
A3RS3L4NL8GW,B00CIF9MJK,5
A1A10ANWXDPIK2,B00CIF9MJK,5
A3MWE9ODN0O95A,B00CIF9MJK,5
AX4PXKR06TGLP,B00CIF9MJK,5
A2GUU2169Q5N6E,B00CKUBLFQ,5
A3DU0N727F6ACF,B00CKUBLFQ,5
AB7K9KRXSKE2S,B00CKUBLFQ,5
A3FEE03P1LZC76,B00CKUBLFQ,3
A5QQ5OC488CB7,B00CKUBLFQ,5
A1V3FW0XN7QBSL,B00CKUBLFQ,5
A3KEP3IFR2OZUQ,B00CKUBLFQ,5
A3JW97329N9QPO,B00CKUBLFQ,5
AXO47B7UAEQ4I,B00CKUBLFQ,5
ANS66B17D7381,B00CKUBLFQ,5
A97RG4XG2R41T,B00CKUBLFQ,4
A2C60DM97P22EJ,B00CKUBLFQ,5
A242ADDCE3YB3U,B00CKUBLFQ,5
ATS78EXQTJ0NM,B00CKUBLFQ,4
ABIWW6V0V01L6,B00CKUBLFQ,5
AOLW1BLO6VF54,B00CKUBLFQ,5
A2EHKMDZVV63IV,B00CKUBLFQ,1
ADCMBZPN5N9YA,B00CKUBLFQ,5
A13R0XXYR3MX51,B00CKUBLFQ,5
A2MREK75EM9TZO,B00CKUBLFQ,5
A355G2TC389N1K,B00CKUBLFQ,5
A1V1SG67P2DB0M,B00CKUBLFQ,5
A2SYARR444J7Z6,B00CKUBLFQ,5
A1KOZHN3ON5PGG,B00CKUBLFQ,5
A1KOZHN3ON5PGG,B00CKUBLFQ,5
A3O3V7DXDN2EQH,B00CKUBLFQ,5
A908CRZDXABQ,B00CKUBLFQ,4
A1MVOR4P5G8KIM,B00CKUBLFQ,5
A15V5CSE551V5K,B00CKUBLFQ,5
A28QRFX92EXTFG,B00CKUBLFQ,5
A3RO95VKUI1QQT,B00CKUBLFQ,5
A3AJ3VDHLPX7D4,B00CKUBLFQ,5
A1RNVKFD1PF1QF,B00CKUBLFQ,5
A5QQ5OC488CB7,B00CKUBLFQ,5
A14LQQFCR8K3LI,B00CKUBLFQ,2
A1C6XNOYH13S61,B00CKUBLFQ,5
A2RIOMTJ5EB2O5,B00CKUBLFQ,5
A2KETUOZTO0MN9,B00CKUBLFQ,1
A1D4RHE9LBL5H,B00CKUBLFQ,5
A3LCGB8BMZVRJL,B00CKUBLFQ,5
A1TQ3F2BBXYKUA,B00CKUBLFQ,5
A2C60DM97P22EJ,B00CKUBLFQ,5
A28K4ZATP5520J,B00CKUBLFQ,5
A3AV99YD9S9YTT,B00CKUBLFQ,5
A1D7P4FDK8BOS0,B00CKZRG7I,5
A11Q7VOCAGFL1W,B00CKZRG7I,3
AQAOCDBV1QDUM,B00CKZRG7I,5
A1ZZI5UOK8GPG3,B00CKZRG7I,5
AXKTC9FEVLY0W,B00CKZRG7I,5
A1EVUCHTTUQ5TV,B00CKZRG7I,5
ASCGC86KRLHZJ,B00CKZRG7I,5
A2SYARR444J7Z6,B00CKZRG7I,5
A3BAXEUKF8QSDF,B00CKZRG7I,5
A3O3V7DXDN2EQH,B00CKZRG7I,5
A34L377NKGJ1RU,B00CKZRG7I,5
AN5JW86H0FHGY,B00CKZRG7I,5
A1LR2H3V3EIVIY,B00CKZRG7I,5
A307QLBGIBBLUF,B00CKZRG7I,4
AC0VLOKGH40PV,B00CKZRG7I,5
A1UPM23FHOVFQ1,B00CKZRG7I,5
A16W83T52IKC3O,B00CKZRG7I,5
A2JBWGFRJ05Z8D,B00CKZRG7I,5
A2M3CUDYRKM9CV,B00COZIZ10,5
A2H938QC8GJR9O,B00COZIZ10,5
A2V36ZOEXQV8UM,B00COZIZ10,5
A34D3OWPAF46C2,B00COZIZ10,5
A1GTTJMLYPG513,B00COZIZ10,5
A2R6CF9ZVJ7MPX,B00COZIZ10,5
A1M9J5T8PRI2H8,B00COZIZ10,5
A251ETSYO5JPU0,B00COZIZ10,5
A3OUQU5WD44Y4W,B00COZIZ10,3
A1D9DNXBQDNGL2,B00COZIZ10,5
A2MREK75EM9TZO,B00COZIZ10,5
A2NLGAVOF35E16,B00COZIZ10,5
AGMXSCJNQKDHX,B00COZIZ10,3
A19VS13GA2YF0T,B00COZIZ10,2
A28QRFX92EXTFG,B00COZIZ10,5
A3VJ27IYOG4BDB,B00COZIZ10,5
ALUNW3EXCLZLB,B00CQ98C1C,5
ANHHP64XHZEEU,B00CQ98C1C,5
A2ACRRISUPMZWJ,B00CQ98C1C,5
A2HDF4JWLGDYHP,B00CQ98C1C,5
AM8L4I21AM2UW,B00CQ98C1C,5
A2FNH22PEY47RT,B00CQ98C1C,5
A34L377NKGJ1RU,B00CQ98C1C,5
A2RIOMTJ5EB2O5,B00CQ98C1C,5
A27RA2E3NEMVH1,B00CUQJGUM,5
ALUNW3EXCLZLB,B00CUQJGUM,5
A1ZZI5UOK8GPG3,B00CUQJGUM,5
A2J8ZDQOMRGEQ9,B00CUQJGUM,5
A398X00E4KYZIY,B00CUQJGUM,5
A3U1J3Z55AFZZO,B00CUQJGUM,5
ABP0DA3ZE2D4B,B00CUQJGUM,5
A322Q7F3858C6P,B00CUQJGUM,5
AUGGOB99VRU6U,B00CUQJGUM,5
A3VDIFS2YUZ7UH,B00CUQJ6IE,2
A3ONIS371WVGP0,B00CUQJ6IE,5
AJSDV5OVPZ7Y3,B00CUQJ6IE,5
AZD8GF72O1T26,B00CUQJ6IE,4
ABWJPTQTSCH3E,B00CUQJ6IE,5
A1UPM23FHOVFQ1,B00CUQJ6IE,5
A236P8WWG8AZIO,B00CUQJ6IE,5
AIH05X9KBQWX4,B00CUQJ6IE,2
A355G2TC389N1K,B00D89CW5Q,5
A1THC3SY4YWAL8,B00D89CW5Q,5
A28O6H0NW8RPMA,B00D89CW5Q,5
A40FKEPJMPK0S,B00D89CW5Q,5
ABDQ0DVCL2CMO,B00D89CW5Q,5
AA1MBI2A2M0H6,B00D89CW5Q,5
A1YLFOPZH8Q7GK,B00D89CW5Q,5
A1RDI79LPL1H7L,B00D89CW5Q,5
ANHHP64XHZEEU,B00D89CW5Q,5
A2ACRRISUPMZWJ,B00D89CW5Q,5
A2TVE9UESQRETI,B00D89CW5Q,5
AUGGOB99VRU6U,B00D89CW5Q,5
ARNY0FUYM4ZG,B00D89CW5Q,5
ATS78EXQTJ0NM,B00D89CW5Q,4
A3VT43NITC2VNU,B00D89CW5Q,5
AMOLUSI1RUF0B,B00D89CW5Q,5
A1KEICSAAW6OKL,B00D89CW5Q,5
A10OJXPDFE0GOK,B00D89CW5Q,5
A1YWZ3AVX6OFUC,B00D89CW5Q,5
ASK11J3ZXE42J,B00D89CW5Q,5
A3MI8AZFYB2Q3J,B00D89CW5Q,5
A1OWWFKTVCFB3T,B00D89CW5Q,5
A3LIA3IC1ERMUA,B00D89CW5Q,5
A3IAL2ZOJP8CEG,B00D89CW5Q,5
A2MDMGH76JU99O,B00D89CW5Q,5
AN5JW86H0FHGY,B00D89CW5Q,5
A3LCGB8BMZVRJL,B00D89CW5Q,5
ADCMBZPN5N9YA,B00D89CW5Q,5
A1Y8SNV5SVO3YM,B00D89CW5Q,5
A26Z6BUMK53HNB,B00D8T9QZU,5
A1Y8SNV5SVO3YM,B00D8T9QZU,5
A242ADDCE3YB3U,B00D8T9QZU,5
A3NCI84F8FVSUT,B00D8T9QZU,5
A3IG1R5IOVHFXR,B00D8T9QZU,5
AI2DP6ZXAO2B7,B00D8T9QZU,5
A1L0YZBI08D167,B00D8T9QZU,5
A10J1NIBCBVEW1,B00D8T9QZU,5
A1KHGZDTNXCOW9,B00D8T9QZU,5
A1D7P4FDK8BOS0,B00D8T9QZU,5
A22T99L8AJGXFM,B00D8T9QZU,5
A34D3OWPAF46C2,B00D8T9QZU,5
A28UBYNJRKU4D6,B00D8T9QZU,4
A3VKV6D9D0ALU9,B00D8T9QZU,5
A1YLFOPZH8Q7GK,B00D8T9QZU,5
A322Q7F3858C6P,B00D8T9QZU,5
A15V5CSE551V5K,B00D8T9QZU,5
A3U1J3Z55AFZZO,B00D8T9QZU,5
AMOLUSI1RUF0B,B00D8T9QZU,5
A2QNV2FW9U3A3A,B00D8T9QZU,5
ARNY0FUYM4ZG,B00D8T9QZU,4
A2Z29Y2RPTA0PT,B00D8T9QZU,5
AG0G4FS4SB5OX,B00D8T9QZU,5
A2EMA184DPM05,B00D8T9QZU,5
A3OACF4Q24SPKD,B00D8T9QZU,5
A3LNGE104A7NH,B00D8T9QZU,5
A1KEICSAAW6OKL,B00D8T9QZU,5
A1LR2H3V3EIVIY,B00D8T9QZU,5
A31MQ7WDEULTCQ,B00D8T9QZU,5
ASCGC86KRLHZJ,B00D8T9QZU,5
A1X8GZ9NKNQWPN,B00D8T9QZU,5
A3BAXEUKF8QSDF,B00D8T9QZU,5
A3RXQQWRXUAF8B,B00D8T9QZU,5
A1THC3SY4YWAL8,B00D8T9QZU,5
A2NLGAVOF35E16,B00D8T9QZU,5
AHBXK3ZNX9YRU,B00D8T9QZU,5
AYTWUDQ3SYR5V,B00D8T9QZU,5
AL9PCRLOO744J,B00D8T9QZU,5
AAWTKL9PBWXCV,B00D8T9QZU,5
A1OWWFKTVCFB3T,B00D8T9QZU,5
A20T3V5VKS60MY,B00D8T9QZU,5
A1TICZ9AMS01H5,B00D8T9QZU,5
A1QPLMB8S5KZDD,B00D8T9QZU,5
AEAC5OJ7FX0Z3,B00DC1G954,5
A1YLFOPZH8Q7GK,B00DC1G954,5
AMOLUSI1RUF0B,B00DC1G954,5
A1Z0NQAZWJ3YKP,B00DC1G954,5
AUGGOB99VRU6U,B00DC1G954,5
A1KD6LSHEO7E1C,B00DC1G954,4
A1KEICSAAW6OKL,B00DC1G954,5
A1YWZ3AVX6OFUC,B00DC1G954,5
A2VYWAX608EC7R,B00DC1G954,4
A3MI8AZFYB2Q3J,B00DC1G954,5
A3RS1RY6BGPD9J,B00DC1G954,5
A1MVOR4P5G8KIM,B00DC1G954,5
A2XYDV9GYC01ER,B00DC1G954,5
A251ETSYO5JPU0,B00DC1G954,5
A3EBY4ZYGZ3Q4Q,B00DC1G954,5
A3DU0N727F6ACF,B00DC1G954,5
A2MAF3ERMSIG6I,B00DC1G954,5
A1O5833KLG4OG0,B00DC1G954,5
A40FKEPJMPK0S,B00DC1G954,5
ASK11J3ZXE42J,B00DC1G954,5
AYTWUDQ3SYR5V,B00DC1G954,5
A7UW5SNLLME0F,B00DC1G954,5
A3IAL2ZOJP8CEG,B00DC1G954,5
A11YHIDRYHFF4H,B00DC1G954,4
A1D4RHE9LBL5H,B00DC1G954,5
A1THC3SY4YWAL8,B00DC1G954,5
A2E6AWSRJ2ZYO9,B00DGJ6E34,5
A1YLFOPZH8Q7GK,B00DGJ6E34,5
A28K4ZATP5520J,B00DGJ6E34,5
A3JW97329N9QPO,B00DGJ6E34,5
A251ETSYO5JPU0,B00DGJ6E34,5
AAW91SZJHFB79,B00DGJ6E34,5
A2E6AWSRJ2ZYO9,B00DKEX5AU,5
A1MOCOD2X9GURB,B00DKEX5AU,5
AYB1YSWAF8AWN,B00DKEX5AU,5
A2DJXGGEB03516,B00DKEX5AU,5
AEVDEVIJHI3B6,B00DKEX5AU,5
AYTWUDQ3SYR5V,B00DKEX5AU,5
A34D3OWPAF46C2,B00DKEX5AU,5
AG5CKSLAFZ5L3,B00DKEX5AU,5
A981041CJ9ZBF,B00DKEX5AU,5
A2M79BUIOECBAS,B00DKEX5AU,5
A18MHDJOCNNSB9,B00DKEX5AU,5
A3EBY4ZYGZ3Q4Q,B00DKEX5AU,5
AW80F6GE4YUIS,B00DKEX5AU,4
A10DTOWMTN6VC8,B00DMI9N32,5
A1TICZ9AMS01H5,B00DMI9N32,5
A1RNVKFD1PF1QF,B00DMI9N32,5
A322Q7F3858C6P,B00DMI9N32,5
A39Y702EFQOVNG,B00DMI9N32,5
A3JCQT6DESOMHN,B00DMI9N32,5
A3KZA7WUKMZANR,B00DMRRR72,5
A3VT43NITC2VNU,B00DMRRR72,5
A3372ZE79SSIHP,B00DMRRR72,5
A1V3FW0XN7QBSL,B00DMRRR72,5
AXO47B7UAEQ4I,B00DMRRR72,5
A2TVE9UESQRETI,B00DMRRR72,5
AXKTC9FEVLY0W,B00DMRRR72,5
A1LFLLLWKSXDES,B00DMRRR72,5
A2VYWAX608EC7R,B00DMRRR72,5
A1WHB9H1AIF947,B00DMRRR72,5
A3JZ9F1WEKGE6U,B00DMRRR72,5
A251ETSYO5JPU0,B00DMRRR72,5
A26Z6BUMK53HNB,B00DMRRR72,5
AKO3G1UUTKX3H,B00DMRRR72,5
A1THC3SY4YWAL8,B00DMRRR72,5
AW5YFQCRMU3OF,B00DMRRR72,5
A18MHDJOCNNSB9,B00DMRRR72,5
A1RNVKFD1PF1QF,B00DMRRR72,5
A1134GV44SWB4N,B00DMRRR72,5
A2C8N6W0XPYJB0,B00DMRRR72,5
A37U61Y2O1ZJ0G,B00DMRRR72,5
AG5CKSLAFZ5L3,B00DMRRR72,5
A2R6CF9ZVJ7MPX,B00DMRRR72,5
A2JQK656WX1NBW,B00DMRRR72,5
A2N9U76XPCKLP2,B00DMRRR72,4
A31MQ7WDEULTCQ,B00DMRRR72,5
A3H3ESFIZ7NPRK,B00DMRRR72,5
A3VJ27IYOG4BDB,B00DRNEV9S,5
A1L08O60MXPCYA,B00DRNEV9S,5
A10J1NIBCBVEW1,B00DRNEV9S,5
A1Q8X84XL3BWXX,B00DRNEV9S,5
A3VKV6D9D0ALU9,B00DRNEV9S,5
A2SOZCP9S83GN8,B00DRNEV9S,5
A2KEF7YA26UHYA,B00DRNEV9S,5
A1V3FW0XN7QBSL,B00DRNEV9S,5
A3FV8Z6RGVW5OL,B00DRNEV9S,5
A4UUWN5VTEU88,B00DRNEV9S,5
AXO47B7UAEQ4I,B00DRNEV9S,5
A1JTYY6WIPVUXI,B00DRNEV9S,5
A2T3AT6P5Z1T3T,B00DRNEV9S,5
A2TVE9UESQRETI,B00DRNEV9S,5
AF8JGVWR2KCZJ,B00DRNEV9S,5
A97RG4XG2R41T,B00DRNEV9S,4
A236P8WWG8AZIO,B00DRNEV9S,5
A2FJMALXP72F0N,B00DRNEV9S,5
ATS78EXQTJ0NM,B00DRNEV9S,4
AJHJADZ9GK313,B00DRNEV9S,5
A2WAWO476KKO9J,B00DRNEV9S,5
AS7621XF5BW0T,B00DRNEV9S,5
APFSVCQW44RXA,B00DRNEV9S,5
A2HOA6QXF66QF5,B00DRNEV9S,5
A37U61Y2O1ZJ0G,B00DRNEV9S,5
ASCGC86KRLHZJ,B00DRNEV9S,5
AADVOV0BLDN3E,B00DRNEV9S,5
A38FWEVG17KN0Z,B00DRNEV9S,5
A1X8GZ9NKNQWPN,B00DRNEV9S,5
A1KOZHN3ON5PGG,B00DRNEV9S,5
A1601RU0RU6L9N,B00DRNEV9S,5
A981041CJ9ZBF,B00DRNEV9S,5
A981041CJ9ZBF,B00DRNEV9S,5
A251ETSYO5JPU0,B00DRNEV9S,5
ATWDCYVND935I,B00DRNEV9S,5
ADKRA9ZAFYRVW,B00DRNEV9S,5
A3RXQQWRXUAF8B,B00DRNEV9S,5
A3RS1RY6BGPD9J,B00DRNEV9S,5
AOP2X3D2INRW6,B00DRNEV9S,5
AOP2X3D2INRW6,B00DRNEV9S,5
A1F24WQDOKDICO,B00DRNEV9S,5
A2MREK75EM9TZO,B00DRNEV9S,5
A2MAF3ERMSIG6I,B00DRNEV9S,5
A2MAF3ERMSIG6I,B00DRNEV9S,5
A1V1SG67P2DB0M,B00DRNEV9S,5
A1RNVKFD1PF1QF,B00DRNEV9S,5
ABIWW6V0V01L6,B00DRNEV9S,5
ATBZNKRPU0HTK,B00DRNEV9S,5
AG5CKSLAFZ5L3,B00DRNEV9S,5
A35B14Y5UP0HY2,B00DRNEV9S,5
A40FKEPJMPK0S,B00DRNEV9S,5
A2JQK656WX1NBW,B00DRNEV9S,5
A2T3AT6P5Z1T3T,B00DRNEV9S,5
A5VPJMDSJW7FD,B00DRNEV9S,5
A2P872PWUK9LQ4,B00DRNEV9S,5
A2P872PWUK9LQ4,B00DRNEV9S,5
A7UW5SNLLME0F,B00DRNEV9S,5
A1LR2H3V3EIVIY,B00DRNEV9S,5
A1134GV44SWB4N,B00DRNEV9S,5
A1A10ANWXDPIK2,B00DRNEV9S,5
A1JSOVO9F0BG4Y,B00DRNEV9S,1
A1TICZ9AMS01H5,B00DRNEV9S,5
A1JZQREGT21272,B00DRNEV9S,4
A2RIOMTJ5EB2O5,B00DRNEV9S,5
A183VHQ3YOZL0E,B00DRNEV9S,5
A366240WSC7ZWO,B00DRNEV9S,5
AO84KHY4RD89J,B00DRNEV9S,5
ABWJPTQTSCH3E,B00DRNEV9S,5
A1MOCOD2X9GURB,B00DRNEV9S,5
A3OACF4Q24SPKD,B00DRNEV9S,5
A3PFOJ3W221A4D,B00DRNEV9S,4
A26OK5EI9T2GUC,B00DRNEV9S,5
A1F24WQDOKDICO,B00DRNEV9S,5
A26Q76GBWC6OCL,B00DRNEV9S,5
AC0VLOKGH40PV,B00DRNEV9S,5
A1Z0NQAZWJ3YKP,B00DRNEV9S,5
AAW91SZJHFB79,B00DRNEV9S,5
A26Q76GBWC6OCL,B00DRNEV9S,5
A3RS1RY6BGPD9J,B00DRNEV9S,5
A2N9U76XPCKLP2,B00DRNEV9S,4
A2GSA371TA18A,B00DRNEV9S,5
A375X4BVMB6379,B00DZS9050,4
AAP4SQTFTF5I7,B00DZS9050,4
AUGGOB99VRU6U,B00DZS9050,5
AMH34DUPANIZZ,B00DZS9050,1
A22QG885JF426G,B00DZS9050,4
AAW91SZJHFB79,B00DZS9050,5
ASR6B1JIJFD31,B00DZS9050,5
A2TNGCUS3K32MS,B00DZS9050,5
A2TP3DP6ULTB7X,B00DZS9050,5
A3ONIS371WVGP0,B00DZS9050,5
A97RG4XG2R41T,B00DZS9050,4
A2BNOICI92RPLK,B00DZS9050,5
A1ZZI5UOK8GPG3,B00DZS9050,5
A2Z29Y2RPTA0PT,B00DZS9050,5
A1HKAWLLYAPMO7,B00DZS9050,5
A36HK8RYUBPJKU,B00DZS9050,5
AMPWQNE2UCWAO,B00DZS9050,5
A2WAWO476KKO9J,B00DZS9050,5
A355G2TC389N1K,B00DZS9050,5
A14LQQFCR8K3LI,B00DZS9050,5
A2SYARR444J7Z6,B00DZS9050,5
A1WHB9H1AIF947,B00DZS9050,5
A24XXYT6AFER4K,B00DZS9050,5
ARNY0FUYM4ZG,B00DZS9050,4
A3BM5X39NJNAUZ,B00DZS9050,3
A1PKB9XJVTQAXN,B00DZS9050,5
A1GU6MS0L7TD3M,B00DZS9050,5
ABIWW6V0V01L6,B00DZS9050,5
A3H1CQCMVM210S,B00DZS9050,5
A1TQ3F2BBXYKUA,B00DZS9050,4
A5VPJMDSJW7FD,B00DZS9050,5
AF8JGVWR2KCZJ,B00DZS9050,5
A32J1H2W3OLLTY,B00DZS9050,5
A2RI8WBB4PQXCP,B00DZS9050,5
A3IAL2ZOJP8CEG,B00DZS9050,5
A3LCGB8BMZVRJL,B00DZS9050,5
A16W83T52IKC3O,B00DZS9050,5
A1PXR4YVZU8I76,B00DZS9050,5
A1YWZ3AVX6OFUC,B00E3913G4,5
A21S84MRRKVAUN,B00E3913G4,4
A2MTT2IOB6L6Q2,B00E3913G4,5
A268M04AC2K4LP,B00E3913G4,5
A20OMWEBP09ND,B00E3913G4,5
A1C6WBNJHQ2VIQ,B00E3913G4,5
A1JTYY6WIPVUXI,B00E3913G4,5
AQEZ1V5XDMHL2,B00E3913G4,5
AUHCIUXPYDX6C,B00EAARDR4,5
AI2DP6ZXAO2B7,B00EAARDR4,5
A1L0YZBI08D167,B00EAARDR4,5
A3DU0N727F6ACF,B00EAARDR4,5
A1YLFOPZH8Q7GK,B00EAARDR4,5
A3U1J3Z55AFZZO,B00EAARDR4,5
A2P872PWUK9LQ4,B00EAARDR4,5
AL9PCRLOO744J,B00EAARDR4,5
A2JAP5TEARILX8,B00EAARDR4,5
AFZC9O52280S2,B00EAARDR4,5
A3IQF3NMB3EBYK,B00EFD4UI6,5
A22QG885JF426G,B00EFD4UI6,4
A1GU6MS0L7TD3M,B00EFD4UI6,5
A1CLYC5TACQQQP,B00EFD4UI6,5
A1FHEY39CALGF2,B00EFD4UI6,5
AMPWQNE2UCWAO,B00EFD4UI6,5
A2KKXX9VC0ZQMJ,B00EFD4UI6,5
ATBZNKRPU0HTK,B00EFD4UI6,5
A38FWEVG17KN0Z,B00EFD4UI6,5
A20T3V5VKS60MY,B00EFD4UI6,5
A2XFO7JKA6DMLU,B00EFD4UI6,5
A3OUQU5WD44Y4W,B00EFD4UI6,3
A274WNJFBIYQNE,B00EFD4UI6,5
A10F15DU5XF86H,B00EFD4UI6,5
A23WY0LPGSG9GP,B00EFD4UI6,5
A3AJ3VDHLPX7D4,B00EFD4UI6,4
AF8JGVWR2KCZJ,B00EFD4UI6,5
ADCMBZPN5N9YA,B00EFD4UI6,5
A11YHIDRYHFF4H,B00EFD4UI6,4
A1TICZ9AMS01H5,B00EFD4UI6,5
A2RI8WBB4PQXCP,B00EFD4UI6,4
A1F24WQDOKDICO,B00EFD4UI6,5
AF54V9D0YCQ2I,B00EFD4UI6,5
A16W83T52IKC3O,B00EFD4UI6,5
AADVOV0BLDN3E,B00EKSZJLS,5
A3RXQQWRXUAF8B,B00EKSZJLS,5
A1D4RHE9LBL5H,B00EKSZJLS,5
A1MOCOD2X9GURB,B00EKSZJLS,5
A3UHUP814K2GVU,B00EKSZJLS,5
A2H938QC8GJR9O,B00EKSZJLS,5
A1F24WQDOKDICO,B00EV54ZZQ,2
A3O3V7DXDN2EQH,B00EV54ZZQ,5
A3OUQU5WD44Y4W,B00EV54ZZQ,4
A1ALGCU6SB1J9,B00EV54ZZQ,5
AGMXSCJNQKDHX,B00EV54ZZQ,2
A19VS13GA2YF0T,B00EV54ZZQ,2
A5QQ5OC488CB7,B00EV54ZZQ,5
A3VJ27IYOG4BDB,B00EV54ZZQ,5
A2V36ZOEXQV8UM,B00EV54ZZQ,5
A3E3TOX6MNRIRY,B00F0FVKRM,5
A1X8GZ9NKNQWPN,B00F0FVKRM,5
A3VVMIMMTYQV5F,B00F0FVKRM,5
A3VVMIMMTYQV5F,B00F0FVKRM,5
A2PF1HVHWUFR5C,B00F0FVKRM,5
A26OK5EI9T2GUC,B00F0FVKRM,5
A1HJSE311DIDRK,B00F2DQV94,2
A3IQF3NMB3EBYK,B00F2DQV94,5
A1Q8X84XL3BWXX,B00F2DQV94,5
A3L1XVK3Y8E7FU,B00F2DQV94,5
A1KHGZDTNXCOW9,B00F2DQV94,5
ADKRA9ZAFYRVW,B00F2DQV94,5
A2EMA184DPM05,B00F2DQV94,5
A3R0BEBXJB58VL,B00F2DQV94,5
A2KETUOZTO0MN9,B00F2DQV94,5
A1WHB9H1AIF947,B00F2DQV94,5
A1KHVQUXZYG565,B00F2DQV94,5
A1LFLLLWKSXDES,B00F3J4HCA,5
AH6XZ1BCXY4I6,B00F3J4HCA,5
A4H0YLFB3AU3Y,B00F3J4HCA,5
A1RNVKFD1PF1QF,B00F3J4HCA,5
A1TQ3F2BBXYKUA,B00F3J4HCA,5
A3AV99YD9S9YTT,B00F3J4HCA,1
AVSJ4U3W2V0SP,B00F3J4B5S,1
A1WHB9H1AIF947,B00F3J4B5S,5
A1UPP0ZIE2C5AB,B00F3J4B5S,5
A2UM5TH732LWNI,B00F3J4B5S,1
A2821JHS6G012Y,B00F3J4B5S,5
A2J8ZDQOMRGEQ9,B00F3J4B5S,5
AO84KHY4RD89J,B00F3J4B5S,5
A2E5ZLFPFIH8MF,B00F3J4B5S,4
A21S84MRRKVAUN,B00F3J4B5S,5
A1EBXQJZ1U3ZZD,B00F5NG4FC,5
A22T99L8AJGXFM,B00F5NG4FC,5
AHBXK3ZNX9YRU,B00F5NG4FC,5
A1L0YZBI08D167,B00F5NG4FC,5
AJHJADZ9GK313,B00F5NG4FC,5
A18MHDJOCNNSB9,B00F5NG4FC,5
A2MAF3ERMSIG6I,B00F5NG4FC,5
A2N6W9YXZGD6P4,B00F5NG4FC,5
A3U1J3Z55AFZZO,B00F5NG4FC,5
A2QNV2FW9U3A3A,B00F5NG4FC,5
A2821JHS6G012Y,B00F5NG4FC,5
A3LNGE104A7NH,B00F5NG4FC,5
A16OQXVU832Q66,B00F5NG4FC,5
A27URUYH8XCZQZ,B00F5NG4FC,5
ASCGC86KRLHZJ,B00F5NG4FC,5
A2P872PWUK9LQ4,B00F5NG4FC,5
A32J1H2W3OLLTY,B00F5NG4FC,5
A1TICZ9AMS01H5,B00F5NG4FC,5
A2C8N6W0XPYJB0,B00F5NG4FC,5
A1F24WQDOKDICO,B00F5NG4FC,5
A183VHQ3YOZL0E,B00F5NG4FC,5
A1YLFOPZH8Q7GK,B00F5NG4FC,5
A9VT5R7K6EVYP,B00F5NG4FC,5
A1A10ANWXDPIK2,B00F5NG4FC,5
AKO3G1UUTKX3H,B00F64LD4W,5
A1Q8X84XL3BWXX,B00F64LD4W,5
A1KHGZDTNXCOW9,B00F64LD4W,5
AA1MBI2A2M0H6,B00F64LD4W,5
A11Q7VOCAGFL1W,B00F64LD4W,4
A1M9J5T8PRI2H8,B00F64LD4W,5
A1KD6LSHEO7E1C,B00F64LD4W,5
A2KJX3K63I3K0U,B00F64LD4W,5
AGUB36NO7BSDR,B00F64LD4W,5
A15E81AMEDTMU7,B00F64LD4W,5
A1RNVKFD1PF1QF,B00F64LD4W,5
A908CRZDXABQ,B00F64LD4W,4
A1MVOR4P5G8KIM,B00F64LD4W,5
ADKRA9ZAFYRVW,B00F64LD4W,5
AW5YFQCRMU3OF,B00F64LD4W,5
A2MREK75EM9TZO,B00F64LD4W,5
A3NMGYPMG4EZ2V,B00F64LD4W,5
A1PKB9XJVTQAXN,B00F64LD4W,4
AMOLUSI1RUF0B,B00F64LD4W,5
A1GU6MS0L7TD3M,B00F64LD4W,5
ABIWW6V0V01L6,B00F64LD4W,5
A1OWWFKTVCFB3T,B00F64LD4W,5
AF8JGVWR2KCZJ,B00F64LD4W,5
ADCMBZPN5N9YA,B00F64LD4W,5
AA46TP3T0MVB,B00F64LD4W,5
A37U61Y2O1ZJ0G,B00F64LD4W,5
A26Z6BUMK53HNB,B00F8YP22O,5
A3JCQT6DESOMHN,B00F8YP22O,5
A83RKRWKZT917,B00F8YP22O,5
A27RA2E3NEMVH1,B00F8YP22O,4
A1XYXB8QV7IV9S,B00F8YP22O,5
A1HKAWLLYAPMO7,B00F8YP22O,5
A3BAXEUKF8QSDF,B00F8YP22O,5
A398X00E4KYZIY,B00F9AK2D6,5
A219328DJ070P6,B00F9AK2D6,3
A2J8ZDQOMRGEQ9,B00F9AK2D6,5
A1XYXB8QV7IV9S,B00F9AK2D6,5
A274WNJFBIYQNE,B00F9AK2D6,5
A3OACF4Q24SPKD,B00F9AK2D6,5
A83RKRWKZT917,B00F9AK2D6,5
A3OGBVDB7BLOEM,B00F9AK2D6,3
A27RA2E3NEMVH1,B00F9AK2D6,4
A3JCQT6DESOMHN,B00F9AK2D6,5
AEXIJT4LD11CD,B00F9AK2D6,5
A3KEP3IFR2OZUQ,B00FJ92RYO,5
AX4PXKR06TGLP,B00FJ92RYO,5
A3MZD632LWIIH6,B00FJ92RYO,5
A1HKAWLLYAPMO7,B00FJ92RYO,5
AMPWQNE2UCWAO,B00FJ92RYO,5
A2WAWO476KKO9J,B00FJ92RYO,5
AS7621XF5BW0T,B00FJ92RYO,5
A3LB5474SNTLSO,B00FJ92RYO,5
A32J1H2W3OLLTY,B00FJ92RYO,5
AN5JW86H0FHGY,B00FJ92RYO,5
AP0HMWC3KIUN0,B00FJ92RYO,5
ADCMBZPN5N9YA,B00FJ92RYO,5
A39Y702EFQOVNG,B00FJ92RYO,5
A2JAP5TEARILX8,B00FJ92RYO,5
A2W9OEZ4YUPJ3U,B00FJ92RYO,5
A2RJB9YB8059OJ,B00FJ92RYO,5
A23DH5K5KDCJCK,B00FJ92RYO,5
A1NPNT3N0BB6S9,B00FJ92RYO,4
A14Q8VHX7YD2O9,B00FJ92RYO,5
A1O6OGNV2D57PA,B00FJ92RYO,5
AX4PXKR06TGLP,B00FJ9F50C,5
A1FHEY39CALGF2,B00FJ9F50C,5
AS7621XF5BW0T,B00FJ9F50C,5
A2KKXX9VC0ZQMJ,B00FJ9F50C,5
AW5YFQCRMU3OF,B00FJ9F50C,5
A2NLGAVOF35E16,B00FJ9F50C,5
AP0HMWC3KIUN0,B00FJ9F50C,5
A3HAKR0NS6JLZW,B00FJ9F50C,5
AZD8GF72O1T26,B00FJ9F50C,4
A23DH5K5KDCJCK,B00FJ9F50C,5
A3BAXEUKF8QSDF,B00FJBD94Y,5
A1HKAWLLYAPMO7,B00FJBD94Y,5
A2JAP5TEARILX8,B00FJBD94Y,5
A2W9OEZ4YUPJ3U,B00FJBD94Y,5
A219328DJ070P6,B00FJBD94Y,5
A2NF15AKMNRPA6,B00FJBD94Y,5
AX4PXKR06TGLP,B00FJBI9DA,5
AN5JW86H0FHGY,B00FJBI9DA,5
AP0HMWC3KIUN0,B00FJBI9DA,5
A1GTTJMLYPG513,B00FJBI9DA,5
A2JAP5TEARILX8,B00FJBI9DA,5
A2V36ZOEXQV8UM,B00FJBI9DA,5
A1FHEY39CALGF2,B00FJBI9DA,5
ABIWW6V0V01L6,B00FJBI9DA,5
AX4PXKR06TGLP,B00FJBFTDS,5
A3BAXEUKF8QSDF,B00FJBFTDS,5
A1PKB9XJVTQAXN,B00FJBFTDS,4
AP0HMWC3KIUN0,B00FJBFTDS,5
A2N9U76XPCKLP2,B00FJBFTDS,4
A83RKRWKZT917,B00FJBFTDS,5
A1HKAWLLYAPMO7,B00FJBFTDS,5
A3AV99YD9S9YTT,B00FJBAOCY,5
AZ4PIH3RF6U5D,B00FJBAOCY,5
A1FHEY39CALGF2,B00FJBAOCY,5
A3LB5474SNTLSO,B00FJBAOCY,5
A908CRZDXABQ,B00FJBAOCY,4
AW5YFQCRMU3OF,B00FJBAOCY,5
A2NLGAVOF35E16,B00FJBAOCY,5
AP0HMWC3KIUN0,B00FJBAOCY,5
A32J1H2W3OLLTY,B00FJBAOCY,5
A1EBXQJZ1U3ZZD,B00FJBAOCY,5
A1D4RHE9LBL5H,B00FJBAOCY,5
A2N9U76XPCKLP2,B00FJBAOCY,4
A83RKRWKZT917,B00FJBAOCY,5
AF54V9D0YCQ2I,B00FJBAOCY,5
A2ACRRISUPMZWJ,B00FL3I9G8,5
AGCAYOXLRSFMK,B00FL3I9G8,5
A15E81AMEDTMU7,B00FL3I9G8,5
A2SYARR444J7Z6,B00FL3I9G8,5
A2WDCDHR49DP06,B00FL3I9G8,5
A16W83T52IKC3O,B00FL3I9G8,5
A3PFOJ3W221A4D,B00FL3I9G8,3
A1RNVKFD1PF1QF,B00FL3I9G8,5
A12V7BFRODAIC1,B00FL3I9G8,5
A13MSOD93RH5BW,B00FL3I9G8,5
A1KHGZDTNXCOW9,B00FX3YPGE,5
AXO47B7UAEQ4I,B00FX3YPGE,5
AL9PCRLOO744J,B00FX3YPGE,5
AJHJADZ9GK313,B00FX3YPGE,5
A2WAWO476KKO9J,B00FX3YPGE,5
A1FHEY39CALGF2,B00FX3YPGE,5
A2N9U76XPCKLP2,B00FX3YPGE,5
A3QBW8DMNKSBGM,B00FX3YPGE,5
A3L1XVK3Y8E7FU,B00FX3YPGE,5
AF8JGVWR2KCZJ,B00FX3YPGE,5
A18MHDJOCNNSB9,B00FX3YPGE,5
A1ALGCU6SB1J9,B00FX3YPGE,5
A3H1CQCMVM210S,B00FX3YPGE,5
AP0HMWC3KIUN0,B00FX3YPGE,5
A2RI8WBB4PQXCP,B00FX3YPGE,5
ABWJPTQTSCH3E,B00FX3YPGE,5
AF54V9D0YCQ2I,B00FX3YPGE,5
A3E3TOX6MNRIRY,B00FX3YPGE,5
AQEZ1V5XDMHL2,B00FX8WIUE,5
A1WHB9H1AIF947,B00FX8WIUE,5
A3IQF3NMB3EBYK,B00FX8WIUE,5
A375X4BVMB6379,B00FX8WIUE,5
A12V7BFRODAIC1,B00FX8WIUE,5
AYB1YSWAF8AWN,B00FX8WIUE,5
A3VT43NITC2VNU,B00FX8WIUE,5
AI2DP6ZXAO2B7,B00FX8WIUE,5
A10J1NIBCBVEW1,B00FX8WIUE,5
A2T3AT6P5Z1T3T,B00FX8WIUE,5
AYYOB060VR9GM,B00FX8WIUE,5
AJSDV5OVPZ7Y3,B00FX8WIUE,5
A2FJMALXP72F0N,B00FX8WIUE,5
A20JHD5TACTNSA,B00FX8WIUE,4
A2EHKMDZVV63IV,B00FX8WIUE,4
A1LR2H3V3EIVIY,B00FX8WIUE,5
A2KKXX9VC0ZQMJ,B00FX8WIUE,5
A183VHQ3YOZL0E,B00FX8WIUE,5
A3EBY4ZYGZ3Q4Q,B00FX8WIUE,5
A3MWE9ODN0O95A,B00FX8WIUE,5
AAWTKL9PBWXCV,B00FX8WIUE,5
A1OWWFKTVCFB3T,B00FX8WIUE,5
A25FDSTIHHAFKX,B00FX8WIUE,4
AT96JB52IU39Q,B00FX8WIUE,5
ABP0DA3ZE2D4B,B00FX8WIUE,5
A1RNVKFD1PF1QF,B00FX8WIUE,5
A2LY4B3VOG7JQC,B00FX8WIUE,5
A2F2KL35PTQ8BS,B00FX8WIUE,5
A1M9J5T8PRI2H8,B00FZ9AT4S,5
AGCAYOXLRSFMK,B00FZ9AT4S,5
A2WDCDHR49DP06,B00FZ9AT4S,5
A10F15DU5XF86H,B00FZ9AT4S,5
A1JZQREGT21272,B00FZ9AT4S,4
A1RNVKFD1PF1QF,B00FZ9AT4S,5
AC0VLOKGH40PV,B00FZ9AT4S,5
ALUNW3EXCLZLB,B00FZ9AT4S,5
A1KBJ4YJ9P888Z,B00FZV14GI,4
A2KEF7YA26UHYA,B00FZV14GI,5
ATF2LHE80W43G,B00FZV14GI,5
A3372ZE79SSIHP,B00FZV14GI,5
A3OACF4Q24SPKD,B00FZV14GI,5
A322Q7F3858C6P,B00FZV14GI,5
AGMXSCJNQKDHX,B00FZV14GI,5
A3MZD632LWIIH6,B00FZV14GI,5
A1XYXB8QV7IV9S,B00FZV14GI,5
A236P8WWG8AZIO,B00FZV14GI,5
A2EHKMDZVV63IV,B00FZV14GI,4
A31MQ7WDEULTCQ,B00FZV14GI,5
A183VHQ3YOZL0E,B00FZV14GI,5
AL9PCRLOO744J,B00FZV14GI,5
A3AJ3VDHLPX7D4,B00FZV14GI,5
A10DTOWMTN6VC8,B00FZV14GI,5
A20OMWEBP09ND,B00FZV14GI,5
A26Z6BUMK53HNB,B00FZV14GI,5
AC0VLOKGH40PV,B00FZV14GI,1
A2LY4B3VOG7JQC,B00FZV14GI,3
A3MWE9ODN0O95A,B00FZV14GI,5
A14LQQFCR8K3LI,B00FZV14GI,4
A13R0XXYR3MX51,B00FZV14GI,5
A1O5833KLG4OG0,B00FZV14GI,4
A1RNVKFD1PF1QF,B00FZV14GI,5
A1RNVKFD1PF1QF,B00FZV14GI,5
AT96JB52IU39Q,B00FZV14GI,5
A5VPJMDSJW7FD,B00FZV14GI,5
A5VPJMDSJW7FD,B00FZV14GI,5
A3HAKR0NS6JLZW,B00FZV14GI,5
A3OGBVDB7BLOEM,B00FZV14GI,5
ABP0DA3ZE2D4B,B00FZV14GI,5
ABP0DA3ZE2D4B,B00FZV14GI,5
A3E3TOX6MNRIRY,B00G3C2FTS,5
AHBXK3ZNX9YRU,B00G3C2FTS,5
A6JJG3RLB3AZ1,B00G3C2FTS,5
A1D7P4FDK8BOS0,B00G3C2FTS,5
A3KEP3IFR2OZUQ,B00G3C2FTS,5
A2TA9MPG2ULC3P,B00G3C2FTS,5
A18MHDJOCNNSB9,B00G3C2FTS,5
A2Z29Y2RPTA0PT,B00G3C2FTS,5
A20JHD5TACTNSA,B00G3C2FTS,4
A2EHKMDZVV63IV,B00G3C2FTS,3
A2WAWO476KKO9J,B00G3C2FTS,5
A1KEICSAAW6OKL,B00G3C2FTS,5
A3AJ3VDHLPX7D4,B00G3C2FTS,5
A2R15ED2CYS21N,B00G3C2FTS,5
A1VOY7ES8SW7MD,B00G3C2FTS,2
A2J8ZDQOMRGEQ9,B00G3C2FTS,5
A20T3V5VKS60MY,B00G3C2FTS,5
A1TICZ9AMS01H5,B00G3C2FTS,4
A2W9OEZ4YUPJ3U,B00G3C2FTS,5
A274WNJFBIYQNE,B00G3C2FTS,5
A83RKRWKZT917,B00G3C2FTS,5
ABP0DA3ZE2D4B,B00G3C2FTS,5
A2WED798Q67FKC,B00G3C2FTS,5
A3EXISF8YADM3E,B00G3C2FTS,5
A3AV99YD9S9YTT,B00G3C2FTS,5
A1NPNT3N0BB6S9,B00G3C2FTS,3
A12V7BFRODAIC1,B00G3C2FTS,5
A3P0U427KLLL69,B00GJTSXEG,5
A1ALGCU6SB1J9,B00GJTSXEG,5
A3H1CQCMVM210S,B00GJTSXEG,5
A1C6XNOYH13S61,B00GJTSXEG,4
AF8JGVWR2KCZJ,B00GJTSXEG,5
A2WAWO476KKO9J,B00GJTSXEG,5
A3QBW8DMNKSBGM,B00GJTSXEG,5
AVSJ4U3W2V0SP,B00GP6TEYQ,5
AVSJ4U3W2V0SP,B00GP6TEYQ,5
A4H0YLFB3AU3Y,B00GP6TEYQ,4
A2R3PDZ4K3P2AG,B00GP6TEYQ,5
A2U44VA0G6MNOI,B00GP6TEYQ,5
A3RS3L4NL8GW,B00GP6TEYQ,5
A2KCGWPNEMS4W,B00GWR373M,5
A214JQI91IH3S1,B00GWR373M,5
A2V36ZOEXQV8UM,B00GWR373M,5
A6JJG3RLB3AZ1,B00GWR373M,5
A3VDIFS2YUZ7UH,B00GWR373M,3
A34D3OWPAF46C2,B00GWR373M,5
AEAC5OJ7FX0Z3,B00GWR373M,5
A2TA9MPG2ULC3P,B00GWR373M,5
A1XS82N1EEJYBD,B00GWR373M,5
A10DTOWMTN6VC8,B00GWR373M,5
A2XYDV9GYC01ER,B00GWR373M,5
A20OMWEBP09ND,B00GWR373M,5
A2P872PWUK9LQ4,B00GWR373M,5
A1A10ANWXDPIK2,B00GWR373M,5
A2RI8WBB4PQXCP,B00GWR373M,5
A366240WSC7ZWO,B00GWR373M,5
A1PXR4YVZU8I76,B00GXHPN1U,5
A23DH5K5KDCJCK,B00GXHPN1U,5
A3VJ27IYOG4BDB,B00GXHPN1U,5
A2RJB9YB8059OJ,B00GXHPN1U,4
A2MAF3ERMSIG6I,B00GXHPN1U,5
A18CQ2BU6CV8WR,B00GXHPN1U,5
A2PF1HVHWUFR5C,B00GXHPN1U,5
A18NRSPMW2WTEO,B00GXHPN1U,1
A3IQF3NMB3EBYK,B00GXHPN1U,5
A2H938QC8GJR9O,B00GXHPN1U,5
A1KBJ4YJ9P888Z,B00GXHPN1U,4
A3NCI84F8FVSUT,B00GXHPN1U,1
ABIWW6V0V01L6,B00GXHPN1U,5
A1EBXQJZ1U3ZZD,B00GXHPN1U,5
APHZGTKEWTQ40,B00GXHPN1U,5
A14Q8VHX7YD2O9,B00GXHPN1U,5
A28O6H0NW8RPMA,B00GXHPN1U,5
A1Q8X84XL3BWXX,B00GXHPN1U,5
A1O6OGNV2D57PA,B00GXHPN1U,5
A3JRYOYNG5XN3I,B00GXHPN1U,5
A3EXISF8YADM3E,B00GXHPN1U,5
A40FKEPJMPK0S,B00GXHPN1U,5
AEXIJT4LD11CD,B00GXHPN1U,5
A2SOZCP9S83GN8,B00GXHPN1U,5
A2IZ77MRDPO9E5,B00GXHPN1U,5
A2KKXX9VC0ZQMJ,B00GXHPN1U,5
ASR6B1JIJFD31,B00GXHPN1U,5
A97RG4XG2R41T,B00GXHPN1U,4
A34D3OWPAF46C2,B00GXHPN1U,5
AUGGOB99VRU6U,B00GXHPN1U,5
A1D9DNXBQDNGL2,B00GXHPN1U,5
ATF2LHE80W43G,B00GXHPN1U,5
A3KSIM93X0J1WB,B00GXHPN1U,5
A3OACF4Q24SPKD,B00GXHPN1U,5
A3VKV6D9D0ALU9,B00GXHPN1U,5
A375X4BVMB6379,B00GXHPN1U,5
AJSDV5OVPZ7Y3,B00GXHPN1U,5
A2TA9MPG2ULC3P,B00GXHPN1U,5
A4MWP92EJDKFG,B00GXHPN1U,5
AJ1DVJZCJDNXJ,B00GXHPN1U,5
AXO47B7UAEQ4I,B00GXHPN1U,5
A1JTYY6WIPVUXI,B00GXHPN1U,5
A2TNGCUS3K32MS,B00GXHPN1U,5
A2N6W9YXZGD6P4,B00GXHPN1U,5
A2TVE9UESQRETI,B00GXHPN1U,5
A3RS3L4NL8GW,B00GXHPN1U,5
AX4PXKR06TGLP,B00GXHPN1U,5
A8WQ5QPBDRG6K,B00GXHPN1U,5
A3MZD632LWIIH6,B00GXHPN1U,5
APCEENXU71WFI,B00GXHPN1U,5
A2TP3DP6ULTB7X,B00GXHPN1U,5
ANS66B17D7381,B00GXHPN1U,5
A28K4ZATP5520J,B00GXHPN1U,5
A1BFUWT32P1DXR,B00GXHPN1U,5
AZ4PIH3RF6U5D,B00GXHPN1U,5
A31MQ7WDEULTCQ,B00GXHPN1U,5
A2KETUOZTO0MN9,B00GXHPN1U,5
A1YPVD1SP9PVHI,B00GXHPN1U,5
AM8L4I21AM2UW,B00GXHPN1U,5
A3R0BEBXJB58VL,B00GXHPN1U,5
A1ZZI5UOK8GPG3,B00GXHPN1U,5
AMH34DUPANIZZ,B00GXHPN1U,1
A1VOY7ES8SW7MD,B00GXHPN1U,5
A3FEE03P1LZC76,B00GXHPN1U,4
A2821JHS6G012Y,B00GXHPN1U,5
A2UM5TH732LWNI,B00GXHPN1U,5
A1KD6LSHEO7E1C,B00GXHPN1U,5
AMOLUSI1RUF0B,B00GXHPN1U,5
AJHJADZ9GK313,B00GXHPN1U,5
ADCMBZPN5N9YA,B00GXHPN1U,5
A2WAWO476KKO9J,B00GXHPN1U,5
AS7621XF5BW0T,B00GXHPN1U,5
A1KEICSAAW6OKL,B00GXHPN1U,5
A1YWZ3AVX6OFUC,B00GXHPN1U,5
AGUB36NO7BSDR,B00GXHPN1U,5
A1LR2H3V3EIVIY,B00GXHPN1U,5
A2MREK75EM9TZO,B00GXHPN1U,5
A3OGBVDB7BLOEM,B00GXHPN1U,5
A3L1XVK3Y8E7FU,B00GXHPN1U,5
A2HDF4JWLGDYHP,B00GXHPN1U,5
A38FWEVG17KN0Z,B00GXHPN1U,5
A2W22FKUPHPBMY,B00GXHPN1U,5
A2W22FKUPHPBMY,B00GXHPN1U,5
A3LB5474SNTLSO,B00GXHPN1U,5
A1RNVKFD1PF1QF,B00GXHPN1U,5
A1XYXB8QV7IV9S,B00GXHPN1U,5
A183VHQ3YOZL0E,B00GXHPN1U,5
A3RS1RY6BGPD9J,B00GXHPN1U,5
A22FN99RW55WEO,B00GXHPN1U,5
A2WDCDHR49DP06,B00GXHPN1U,5
A16W83T52IKC3O,B00GXHPN1U,5
AP5FKP48ZR9BO,B00GXHPN1U,5
A20OMWEBP09ND,B00GXHPN1U,5
A2XFO7JKA6DMLU,B00GXHPN1U,5
A1JZQREGT21272,B00GXHPN1U,4
A981041CJ9ZBF,B00GXHPN1U,5
A15V5CSE551V5K,B00GXHPN1U,4
A24XXYT6AFER4K,B00GXHPN1U,5
A3OUQU5WD44Y4W,B00GXHPN1U,4
A3P0U427KLLL69,B00GXHPN1U,5
AOP2X3D2INRW6,B00GXHPN1U,5
A1F24WQDOKDICO,B00GXHPN1U,5
A2MDMGH76JU99O,B00GXHPN1U,5
A1PKB9XJVTQAXN,B00GXHPN1U,5
A2J8ZDQOMRGEQ9,B00GXHPN1U,5
A1ALGCU6SB1J9,B00GXHPN1U,5
A23WY0LPGSG9GP,B00GXHPN1U,5
AGMXSCJNQKDHX,B00GXHPN1U,5
A3LCGB8BMZVRJL,B00GXHPN1U,5
AAWTKL9PBWXCV,B00GXHPN1U,5
A1OWWFKTVCFB3T,B00GXHPN1U,5
AYTWUDQ3SYR5V,B00GXHPN1U,5
A35B14Y5UP0HY2,B00GXHPN1U,5
AT96JB52IU39Q,B00GXHPN1U,5
A5VPJMDSJW7FD,B00GXHPN1U,5
A7UW5SNLLME0F,B00GXHPN1U,5
A398X00E4KYZIY,B00GXHPN1U,5
A1XYXB8QV7IV9S,B00GXHPN1U,5
A11YHIDRYHFF4H,B00GXHPN1U,4
A3HAKR0NS6JLZW,B00GXHPN1U,5
AL9PCRLOO744J,B00GXHPN1U,5
A1TICZ9AMS01H5,B00GXHPN1U,5
AZD8GF72O1T26,B00GXHPN1U,4
A2JAP5TEARILX8,B00GXHPN1U,5
A32J1H2W3OLLTY,B00GXHPN1U,5
A36HK8RYUBPJKU,B00GXHPN1U,5
A3PY7U7QT77GS1,B00GXHPN1U,5
A1RNVKFD1PF1QF,B00GXHPN1U,5
A1TQ3F2BBXYKUA,B00GXHPN1U,5
AF54V9D0YCQ2I,B00GXHPN1U,5
A3IAL2ZOJP8CEG,B00GXHPN1U,5
A2XYDV9GYC01ER,B00GXHPN1U,5
A3JCQT6DESOMHN,B00GXHPN1U,5
A219328DJ070P6,B00GXHPN1U,5
A236P8WWG8AZIO,B00GXHPN1U,5
A3ONIS371WVGP0,B00GXHPN1U,5
A1YTMZPVBLKMXG,B00HCZFA38,4
A39B695IMLSML,B00HCZFA38,5
A1LIOHHT08PDKW,B00HCZFA38,5
AO84KHY4RD89J,B00HCZFA38,5
A4MWP92EJDKFG,B00HCZFA38,5
A1KHVQUXZYG565,B00HCZFA38,5
A1WHB9H1AIF947,B00HCZFA38,5
A18NRSPMW2WTEO,B00HHZWO78,1
A3G4346778UN92,B00HHZWO78,5
A1U05R25DGZ2L1,B00HHZWO78,5
A5VPJMDSJW7FD,B00HHZWO78,1
A3RS3L4NL8GW,B00HHZWO78,5
A8WQ5QPBDRG6K,B00HHZWO78,2
A3MZD632LWIIH6,B00HHZWO78,5
A13R0XXYR3MX51,B00HHZWO78,5
A2MREK75EM9TZO,B00HHZWO78,5
AP0HMWC3KIUN0,B00HHZWO78,5
A1TQ3F2BBXYKUA,B00HHZWO78,4
A2RIAVIXTSI645,B00HIRXU9Q,5
A8WQ5QPBDRG6K,B00HIRXU9Q,5
A236P8WWG8AZIO,B00HIRXU9Q,4
A20JHD5TACTNSA,B00HIRXU9Q,5
A2XFO7JKA6DMLU,B00HIRXU9Q,5
A1HJSE311DIDRK,B00HIRXU9Q,5
A20T3V5VKS60MY,B00HIRXU9Q,5
A1PXR4YVZU8I76,B00HIRXU9Q,5
ATF2LHE80W43G,B00HQS2MCS,5
A2KEF7YA26UHYA,B00HQS2MCS,5
AM8L4I21AM2UW,B00HQS2MCS,5
AJHJADZ9GK313,B00HQS2MCS,5
A10F15DU5XF86H,B00HQS2MCS,5
A1CLYC5TACQQQP,B00HQS2MCS,5
A1C6XNOYH13S61,B00HWB39IA,5
A2SOZCP9S83GN8,B00HWB39IA,5
A2IZ77MRDPO9E5,B00HWB39IA,5
A1V3FW0XN7QBSL,B00HWB39IA,5
A3VKV6D9D0ALU9,B00HWB39IA,5
A1BFUWT32P1DXR,B00HWB39IA,5
ANHHP64XHZEEU,B00HWB39IA,5
A1GU6MS0L7TD3M,B00HWB39IA,5
A3MZD632LWIIH6,B00HWB39IA,5
AGMXSCJNQKDHX,B00HWB39IA,5
A2BNOICI92RPLK,B00HWB39IA,5
A1ZZI5UOK8GPG3,B00HWB39IA,5
AMPWQNE2UCWAO,B00HWB39IA,5
AGUB36NO7BSDR,B00HWB39IA,5
A3U1J3Z55AFZZO,B00HWB39IA,5
A1RDI79LPL1H7L,B00HWB39IA,5
A3JZ9F1WEKGE6U,B00HWB39IA,5
A3JZ9F1WEKGE6U,B00HWB39IA,5
A2GSA371TA18A,B00HWB39IA,5
A3ODHMVEMGG93Z,B00HWQBPGS,4
ABDQ0DVCL2CMO,B00HWQBPGS,5
AXO47B7UAEQ4I,B00HWQBPGS,5
A3JW97329N9QPO,B00HWQBPGS,5
A183VHQ3YOZL0E,B00HWQBPGS,5
A3OIMDDBHT2AYB,B00HWQBPGS,4
A4UUWN5VTEU88,B00I2LRKLQ,5
ADCMBZPN5N9YA,B00I2LRKLQ,5
A3RO95VKUI1QQT,B00I2LRKLQ,5
A1PKB9XJVTQAXN,B00I2LRKLQ,4
A1GNL6V10GUU3B,B00I2LRKLQ,5
AL9PCRLOO744J,B00I2LRKLQ,5
A2RJB9YB8059OJ,B00I2LRLPG,4
AT96JB52IU39Q,B00I2LRLPG,5
A14Q8VHX7YD2O9,B00I2LRLPG,5
A2TVE9UESQRETI,B00I2LRLPG,5
A3PFOJ3W221A4D,B00I2LRLPG,3
AYDLETEYQFTDE,B00I2LRLPG,5
A2V36ZOEXQV8UM,B00I2LRLPG,5
A1UG4MNNMUMGHJ,B00I2LRLPG,5
A2IZ77MRDPO9E5,B00I2LRLPG,1
A1KHGZDTNXCOW9,B00I2LRLPG,5
A34D3OWPAF46C2,B00I2LRLPG,5
A2E6AWSRJ2ZYO9,B00I2LRLPG,5
A3KEP3IFR2OZUQ,B00I2LRLPG,5
ALUNW3EXCLZLB,B00I2LRLPG,5
A10J1NIBCBVEW1,B00I2LRLPG,5
A1GU6MS0L7TD3M,B00I2LRLPG,5
AB7K9KRXSKE2S,B00I2LRLPG,5
A3QTZ4GWCCJ0X0,B00I2LRLPG,5
A3MZD632LWIIH6,B00I2LRLPG,5
A13R0XXYR3MX51,B00I2LRLPG,5
A2TP3DP6ULTB7X,B00I2LRLPG,5
A3ONIS371WVGP0,B00I2LRLPG,5
A2BNOICI92RPLK,B00I2LRLPG,5
A3R0BEBXJB58VL,B00I2LRLPG,5
A1HKAWLLYAPMO7,B00I2LRLPG,5
A1BFUWT32P1DXR,B00I2LRLPG,5
A2FJMALXP72F0N,B00I2LRLPG,5
A20JHD5TACTNSA,B00I2LRLPG,4
AMPWQNE2UCWAO,B00I2LRLPG,5
AJ1DVJZCJDNXJ,B00I2LRLPG,5
AOLW1BLO6VF54,B00I2LRLPG,5
AJSDV5OVPZ7Y3,B00I2LRLPG,5
AL9PCRLOO744J,B00I2LRLPG,5
A2MREK75EM9TZO,B00I2LRLPG,5
A3OGBVDB7BLOEM,B00I2LRLPG,5
ABIWW6V0V01L6,B00I2LRLPG,5
A1RNVKFD1PF1QF,B00I2LRLPG,5
A16W83T52IKC3O,B00I2LRLPG,5
A20OMWEBP09ND,B00I2LRLPG,5
A2XFO7JKA6DMLU,B00I2LRLPG,5
A26Z6BUMK53HNB,B00I2LRLPG,5
A25FDSTIHHAFKX,B00I2LRLPG,5
A2MDMGH76JU99O,B00I2LRLPG,5
A3AJ3VDHLPX7D4,B00I2LRLPG,5
A1A10ANWXDPIK2,B00I2LRLPG,5
A1O5833KLG4OG0,B00I2LRLPG,4
A2PGU5W0LZGEQG,B00I2LRLPG,5
A1OWWFKTVCFB3T,B00I2LRLPG,5
A2NLGAVOF35E16,B00I2LRLPG,5
A39Y702EFQOVNG,B00I2LRLPG,5
A3IAL2ZOJP8CEG,B00I2LRLPG,5
A34L377NKGJ1RU,B00I2LRLPG,5
ADCMBZPN5N9YA,B00I2LRLPG,5
A1TQ3F2BBXYKUA,B00I2LRLPG,4
A23DH5K5KDCJCK,B00I2LRLPG,5
A2GSA371TA18A,B00I2LRLPG,5
A2IZ77MRDPO9E5,B00ICSVGY6,4
A3EXISF8YADM3E,B00ICSVGY6,5
AYYOB060VR9GM,B00ICSVGY6,5
A3RX60UT05SL7M,B00ICSVGY6,5
A2TA9MPG2ULC3P,B00ICSVGY6,5
A23DH5K5KDCJCK,B00ICSVGY6,5
A3VVMIMMTYQV5F,B00IKFCHGM,5
A1U05R25DGZ2L1,B00IKFCHGM,5
A1D7P4FDK8BOS0,B00IKFCHGM,5
A2HOA6QXF66QF5,B00IKFCHGM,5
A2T3AT6P5Z1T3T,B00IKFCHGM,5
A36HK8RYUBPJKU,B00IKFCHGM,5
A2N47GVERJ9HY1,B00IKFCHGM,5
A355G2TC389N1K,B00IKFCHGM,5
A2TP3DP6ULTB7X,B00IKFCHGM,5
AL9PCRLOO744J,B00IKFCHGM,5
A3KSIM93X0J1WB,B00IKFCHGM,5
A2C8N6W0XPYJB0,B00IKFCHGM,5
A366240WSC7ZWO,B00IKFCHGM,5
A39Y702EFQOVNG,B00INEIZN4,4
A2C60DM97P22EJ,B00INEIZN4,5
A2H938QC8GJR9O,B00INEIZN4,5
A3G4346778UN92,B00INEIZN4,5
A3LIA3IC1ERMUA,B00INEIZN4,5
AHBXK3ZNX9YRU,B00INEIZN4,5
A13MSOD93RH5BW,B00INEIZN4,5
A1Q8X84XL3BWXX,B00INEIZN4,5
AG5CKSLAFZ5L3,B00INEIZN4,5
A18MHDJOCNNSB9,B00INEIZN4,5
A3JRYOYNG5XN3I,B00INEIZN4,5
A2V36ZOEXQV8UM,B00INEIZN4,5
A4H0YLFB3AU3Y,B00INEIZN4,4
A3VT43NITC2VNU,B00INEIZN4,5
A1U05R25DGZ2L1,B00INEIZN4,5
AEXIJT4LD11CD,B00INEIZN4,5
AEVDEVIJHI3B6,B00INEIZN4,5
APCEENXU71WFI,B00INEIZN4,5
A2SOZCP9S83GN8,B00INEIZN4,5
A2IZ77MRDPO9E5,B00INEIZN4,5
AMH34DUPANIZZ,B00INEIZN4,1
A1D7P4FDK8BOS0,B00INEIZN4,5
A366240WSC7ZWO,B00IP5SL9Y,4
A3JW97329N9QPO,B00IP5SL9Y,5
A3KSIM93X0J1WB,B00IP5SL9Y,5
A3O3V7DXDN2EQH,B00IP5SL9Y,5
A10F15DU5XF86H,B00IP5SL9Y,5
AMOLUSI1RUF0B,B00IP5SL9Y,4
A2HOA6QXF66QF5,B00IP5SL9Y,5
A2KCGWPNEMS4W,B00IUB5L1Y,5
A27RA2E3NEMVH1,B00IUB5L1Y,4
A1KD6LSHEO7E1C,B00IUB5L1Y,5
ARNY0FUYM4ZG,B00IUB5L1Y,4
A2Z29Y2RPTA0PT,B00IUB5L1Y,5
A1JTYY6WIPVUXI,B00IUB5L1Y,5
A25FDSTIHHAFKX,B00IUB5L1Y,5
A2KCGWPNEMS4W,B00IV5C0T0,4
A3VDIFS2YUZ7UH,B00IV5C0T0,4
A3OACF4Q24SPKD,B00IV5C0T0,5
AMPWQNE2UCWAO,B00IV5C0T0,5
A16W83T52IKC3O,B00IV5C0T0,5
A2XYDV9GYC01ER,B00IV5C0T0,5
A27URUYH8XCZQZ,B00IVI3H2Q,5
AEXIJT4LD11CD,B00IVI3H2Q,5
A1GU6MS0L7TD3M,B00IVI3H2Q,5
AL9PCRLOO744J,B00IVI3H2Q,5
ATWDCYVND935I,B00IVI3H2Q,5
AYB1YSWAF8AWN,B00IVI3H2Q,5
A2XDMPO3OMLADN,B00IWCCXFS,5
A3MZD632LWIIH6,B00IWCCXFS,5
A236P8WWG8AZIO,B00IWCCXFS,5
A2UM5TH732LWNI,B00IWCCXFS,5
A1LR2H3V3EIVIY,B00IWCCXFS,5
A3BAXEUKF8QSDF,B00IWCCXFS,5
AP5FKP48ZR9BO,B00IWCCXFS,5
A2PGU5W0LZGEQG,B00IWCCXFS,5
A1D4RHE9LBL5H,B00IWCCXFS,5
A307QLBGIBBLUF,B00IWCCXFS,4
AQEZ1V5XDMHL2,B00IWCCXFS,5
A1EBXQJZ1U3ZZD,B00IWCCXFS,5
A2E6AWSRJ2ZYO9,B00IWCCYY8,5
A3E3TOX6MNRIRY,B00IWCCYY8,5
A2DJXGGEB03516,B00IWCCYY8,5
A2DJXGGEB03516,B00IWCCYY8,5
AYDLETEYQFTDE,B00IWCCYY8,5
AEVDEVIJHI3B6,B00IWCCYY8,5
ASR6B1JIJFD31,B00IWCCYY8,5
A3VKV6D9D0ALU9,B00IWCCYY8,5
AP5FKP48ZR9BO,B00IWCCYY8,5
AC0VLOKGH40PV,B00IWCCYY8,1
A1RDI79LPL1H7L,B00IWCCYY8,5
A2XDMPO3OMLADN,B00IWCCYY8,5
A2N6W9YXZGD6P4,B00IWCCYY8,5
AOLW1BLO6VF54,B00IWCCYY8,5
A3RS3L4NL8GW,B00IWCCYY8,5
AX4PXKR06TGLP,B00IWCCYY8,5
A2TP3DP6ULTB7X,B00IWCCYY8,5
AUGGOB99VRU6U,B00IWCCYY8,5
AMPWQNE2UCWAO,B00IWCCYY8,5
A2EHKMDZVV63IV,B00IWCCYY8,4
A3R0BEBXJB58VL,B00IWCCYY8,5
ATBZNKRPU0HTK,B00IWCCYY8,5
A2SYARR444J7Z6,B00IWCCYY8,5
A1GTTJMLYPG513,B00IWCCYY8,5
A10DTOWMTN6VC8,B00IWCCYY8,5
A3P0U427KLLL69,B00IWCCYY8,5
ABP0DA3ZE2D4B,B00IWCCYY8,5
AAWTKL9PBWXCV,B00IWCCYY8,5
A2R3PDZ4K3P2AG,B00IWCCYY8,5
AF54V9D0YCQ2I,B00IWCCYY8,5
A10J1NIBCBVEW1,B00J4TK4JU,5
AUHCIUXPYDX6C,B00J4TK4JU,5
A2ACRRISUPMZWJ,B00J4TK4JU,5
A5QQ5OC488CB7,B00J4TK4JU,5
A2TP3DP6ULTB7X,B00J4TK4JU,5
A1XS82N1EEJYBD,B00J4TK4JU,5
ASCGC86KRLHZJ,B00J4TK4JU,5
A2W22FKUPHPBMY,B00J4TK4JU,5
A1LFLLLWKSXDES,B00J4TK4JU,5
ADCMBZPN5N9YA,B00J4TK4JU,5
APFSVCQW44RXA,B00J4TK4JU,5
A3MI8AZFYB2Q3J,B00J4TK4JU,5
A1RF31CYOKXIWM,B00J4TK4JU,5
A981041CJ9ZBF,B00J4TK4JU,5
A3RS1RY6BGPD9J,B00J4TK4JU,5
A1V1SG67P2DB0M,B00J4TK4JU,5
AO84KHY4RD89J,B00J4TK4JU,5
A2PGU5W0LZGEQG,B00J4TK4JU,5
A355G2TC389N1K,B00J4TK4JU,5
ABWJPTQTSCH3E,B00J4TK4JU,5
A3VVMIMMTYQV5F,B00J4TK4JU,5
A14Q8VHX7YD2O9,B00J7Y90S8,5
A27URUYH8XCZQZ,B00J7Y90S8,5
A2V36ZOEXQV8UM,B00J7Y90S8,5
A1U05R25DGZ2L1,B00J7Y90S8,5
A1D7P4FDK8BOS0,B00J7Y90S8,5
A2KKXX9VC0ZQMJ,B00J7Y90S8,5
A2TP3DP6ULTB7X,B00J7Y90S8,5
AGMXSCJNQKDHX,B00J7Y90S8,5
A1ZZI5UOK8GPG3,B00J7Y90S8,5
A2Z29Y2RPTA0PT,B00J7Y90S8,5
A2UM5TH732LWNI,B00J7Y90S8,5
ATS78EXQTJ0NM,B00J7Y90S8,4
A20JHD5TACTNSA,B00J7Y90S8,5
AJSDV5OVPZ7Y3,B00J7Y90S8,5
AS7621XF5BW0T,B00J7Y90S8,5
AXJ4A11T43Q0K,B00J7Y90S8,4
AADVOV0BLDN3E,B00J7Y90S8,5
A3OUQU5WD44Y4W,B00J7Y90S8,4
A1PKB9XJVTQAXN,B00J7Y90S8,4
A1OWWFKTVCFB3T,B00J7Y90S8,5
A32J1H2W3OLLTY,B00J7Y90S8,5
A307QLBGIBBLUF,B00J7Y90S8,4
A36HK8RYUBPJKU,B00J7Y90S8,5
A274WNJFBIYQNE,B00J7Y90S8,5
A2XYDV9GYC01ER,B00J7Y90S8,5
A214JQI91IH3S1,B00J7Y90S8,5
A26OK5EI9T2GUC,B00J99NFZK,5
A2WAWO476KKO9J,B00J99NFZK,5
A1KOZHN3ON5PGG,B00J99NFZK,5
A2E5ZLFPFIH8MF,B00J99NFZK,3
A2MTT2IOB6L6Q2,B00J99NFZK,5
AGCAYOXLRSFMK,B00J99NFZK,5
A242ADDCE3YB3U,B00JK3DX8Y,1
A3JW97329N9QPO,B00JK3DX8Y,5
A1YLFOPZH8Q7GK,B00JK3DX8Y,5
A2MAF3ERMSIG6I,B00JK3DX8Y,5
AUGGOB99VRU6U,B00JK3DX8Y,5
AJ1DVJZCJDNXJ,B00JK3DX8Y,5
A13MSOD93RH5BW,B00JK3DX8Y,5
A981041CJ9ZBF,B00JK3DX8Y,5
ADKRA9ZAFYRVW,B00JK3DX8Y,5
A219328DJ070P6,B00JK3DX8Y,3
A14Q8VHX7YD2O9,B00JXQMBYK,5
A2C60DM97P22EJ,B00JXQMBYK,5
ASR6B1JIJFD31,B00JXQMBYK,5
A1KD6LSHEO7E1C,B00JXQMBYK,5
A3372ZE79SSIHP,B00JXQMBYK,5
A4UUWN5VTEU88,B00JXQMBYK,5
A18MHDJOCNNSB9,B00JXQMBYK,5
ASZE5BL3E3ZHG,B00JXQMBYK,5
A322Q7F3858C6P,B00JXQMBYK,5
A11Q7VOCAGFL1W,B00JXQMBYK,5
A219328DJ070P6,B00JXQMBYK,5
AA46TP3T0MVB,B00JXQMBYK,3
AM8L4I21AM2UW,B00JXQMBYK,5
A13MSOD93RH5BW,B00JXQMBYK,5
A1WHB9H1AIF947,B00JXQMBYK,5
A3MWE9ODN0O95A,B00JXQMBYK,5
A2NLGAVOF35E16,B00JXQMBYK,5
A3AV99YD9S9YTT,B00JXTYZ0A,5
A908CRZDXABQ,B00JXTYZ0A,3
A32J1H2W3OLLTY,B00JXTYZ0A,5
AT96JB52IU39Q,B00JXTYZ0A,1
A11YHIDRYHFF4H,B00JXTYZ0A,4
A3HAKR0NS6JLZW,B00JXTYZ0A,5
A23DH5K5KDCJCK,B00JXTYZ0A,5
A2M3CUDYRKM9CV,B00JXTYZ0A,5
A10F15DU5XF86H,B00JXTYZ0A,5
AYB1YSWAF8AWN,B00K0NRZ5K,5
A25VMW6X1MUN14,B00K0NRZ5K,5
A3FEE03P1LZC76,B00K0NRZ5K,3
A3AMIGUD1UCDF,B00K0NRZ5K,5
ANHHP64XHZEEU,B00K0NRZ5K,5
A1JTYY6WIPVUXI,B00K0NRZ5K,5
A1M9J5T8PRI2H8,B00K0NRZ5K,5
A10DTOWMTN6VC8,B00K0NRZ5K,5
A2XFO7JKA6DMLU,B00K0NRZ5K,5
A2W9OEZ4YUPJ3U,B00K0NRZ5K,5
A2MDMGH76JU99O,B00K0NRZ5K,5
A1QPLMB8S5KZDD,B00K0NRZ5K,5
A2RI8WBB4PQXCP,B00K0NRZ5K,5
AXJ4A11T43Q0K,B00K0NRZ5K,4
ABDR6IJ93HFIO,B00K0NRZ5K,5
A2U44VA0G6MNOI,B00K0NRZSW,5
A3AMIGUD1UCDF,B00K0NRZSW,5
A3KSIM93X0J1WB,B00K0NRZSW,5
A1YPVD1SP9PVHI,B00K0NRZSW,5
A1VOY7ES8SW7MD,B00K0NRZSW,5
A1RNVKFD1PF1QF,B00K0NRZSW,5
A1EVUCHTTUQ5TV,B00K0NRZSW,5
ABDR6IJ93HFIO,B00K0NRZSW,5
A12V7BFRODAIC1,B00K0TEJDA,5
A2C60DM97P22EJ,B00K0TEJDA,5
A10J1NIBCBVEW1,B00K0TEJDA,5
A2TVE9UESQRETI,B00K0TEJDA,5
A3ONIS371WVGP0,B00K0TEJDA,5
A7UW5SNLLME0F,B00K0TEJDA,5
AZ4PIH3RF6U5D,B00K0TEJDA,5
AUGGOB99VRU6U,B00K0TEJDA,5
ARNY0FUYM4ZG,B00K0TEJDA,5
AMH34DUPANIZZ,B00K0TEJDA,1
A2HOA6QXF66QF5,B00K0TEJDA,5
A3JZ9F1WEKGE6U,B00K0TEJDA,5
A3LNGE104A7NH,B00K0TEJDA,5
A19VS13GA2YF0T,B00K0TEJDA,3
A28QRFX92EXTFG,B00K0TEJDA,5
A274WNJFBIYQNE,B00K0TEJDA,5
A1HKAWLLYAPMO7,B00KCTWUIE,4
A34D3OWPAF46C2,B00KCTWUIE,5
AQAOCDBV1QDUM,B00KCTWUIE,5
A3JW97329N9QPO,B00KCTWUIE,5
A2HDF4JWLGDYHP,B00KCTWUIE,5
ABIWW6V0V01L6,B00KCTWUIE,5
AYDLETEYQFTDE,B00KCV3MO8,5
A3JRYOYNG5XN3I,B00KCV3MO8,5
A2T3AT6P5Z1T3T,B00KCV3MO8,5
A97RG4XG2R41T,B00KCV3MO8,4
AUGGOB99VRU6U,B00KCV3MO8,5
A3PY7U7QT77GS1,B00KCV3MO8,5
A3H3ESFIZ7NPRK,B00KO4OXPU,5
A2U44VA0G6MNOI,B00KO4OXPU,5
A2PF1HVHWUFR5C,B00KO4OXPU,1
A3AMIGUD1UCDF,B00KO4OXPU,5
A2C60DM97P22EJ,B00KO4OXPU,5
A2E6AWSRJ2ZYO9,B00KO4OXPU,5
AGCAYOXLRSFMK,B00KO4OXPU,5
A1KHGZDTNXCOW9,B00KVPCMLY,5
A3372ZE79SSIHP,B00KVPCMLY,5
A3C1W25XR0DTFI,B00KVPCMLY,5
AJSDV5OVPZ7Y3,B00KVPCMLY,5
A2UGSJ7FSWA6YU,B00KVPCMLY,5
A3FEE03P1LZC76,B00KVPCMLY,3
AGCAYOXLRSFMK,B00KVPCMLY,5
A15E81AMEDTMU7,B00KVPCMLY,5
A2HDF4JWLGDYHP,B00KVPCMLY,5
A3H3ESFIZ7NPRK,B00KVPCMLY,5
A1KHGZDTNXCOW9,B00KY4S86K,5
A3C1W25XR0DTFI,B00KY4S86K,5
ANHHP64XHZEEU,B00KY4S86K,5
A3LCGB8BMZVRJL,B00KY4S86K,5
A1KHVQUXZYG565,B00KY4S86K,5
A2FNH22PEY47RT,B00KY4S86K,5
A1WHB9H1AIF947,B00L4DXRS4,5
A3G4346778UN92,B00L4DXRS4,5
ATF2LHE80W43G,B00L4DXRS4,5
A3LNGE104A7NH,B00L4DXRS4,5
A13MSOD93RH5BW,B00L4DXRS4,5
A1D9DNXBQDNGL2,B00L4DXRS4,5
AQEZ1V5XDMHL2,B00L4DXRS4,5
A3G4346778UN92,B00LB9ZJGO,5
A25VMW6X1MUN14,B00LB9ZJGO,5
AG0G4FS4SB5OX,B00LB9ZJGO,5
A3LIA3IC1ERMUA,B00LB9ZJGO,5
A1YWZ3AVX6OFUC,B00LB9ZJGO,5
A19VS13GA2YF0T,B00LB9ZJGO,3
A3UHUP814K2GVU,B00LB9ZJGO,5
A1O6OGNV2D57PA,B00LBGHM12,5
A3EXISF8YADM3E,B00LBGHM12,5
A3VT43NITC2VNU,B00LBGHM12,5
A3R0BEBXJB58VL,B00LBGHM12,5
A1C6WBNJHQ2VIQ,B00LBGHM12,5
A3L9DYR3CACMIQ,B00LBGHM12,5
A2UZJ4QQ4XB37Y,B00LBGHM12,5
A3IQF3NMB3EBYK,B00LBGHM12,5
AAP4SQTFTF5I7,B00LBGHM12,4
A2DJXGGEB03516,B00LC9N3OI,5
A3BM5X39NJNAUZ,B00LC9N3OI,3
AA1MBI2A2M0H6,B00LC9N3OI,4
ADKRA9ZAFYRVW,B00LC9N3OI,5
AL9PCRLOO744J,B00LC9N3OI,5
A1YTMZPVBLKMXG,B00LC9N3OI,5
A1M9J5T8PRI2H8,B00LC9N3OI,5
A2UGSJ7FSWA6YU,B00LC9N3OI,4
A3H1CQCMVM210S,B00LC9N3OI,4
A3H3ESFIZ7NPRK,B00LEYY3GI,5
A39B695IMLSML,B00LEYY3GI,1
A3ODHMVEMGG93Z,B00LEYY3GI,5
A1LFLLLWKSXDES,B00LEYY3GI,5
A3JW97329N9QPO,B00LEYY3GI,5
A3AMIGUD1UCDF,B00LEYY3GI,5
A2UGSJ7FSWA6YU,B00LEYY3GI,5
A2MAF3ERMSIG6I,B00LH0116E,5
A2C8N6W0XPYJB0,B00LH0116E,5
A2C60DM97P22EJ,B00LH0116E,5
AHBXK3ZNX9YRU,B00LH0116E,5
A2MDMGH76JU99O,B00LH0116E,5
AYTWUDQ3SYR5V,B00LH0116E,1
A1Z0NQAZWJ3YKP,B00LH0116E,5
A3LNGE104A7NH,B00LH0116E,1
A16OQXVU832Q66,B00LH0116E,5
A2PF1HVHWUFR5C,B00LJPB1MG,2
APHZGTKEWTQ40,B00LJPB1MG,5
A2V36ZOEXQV8UM,B00LJPB1MG,5
A3VKV6D9D0ALU9,B00LJPB1MG,5
APCEENXU71WFI,B00LJPB1MG,5
A2U4YOLR0BMKHL,B00LJPB1MG,5
ASZE5BL3E3ZHG,B00LJPB1MG,5
A3QTZ4GWCCJ0X0,B00LJPB1MG,5
A1JTYY6WIPVUXI,B00LJPB1MG,5
A2ACRRISUPMZWJ,B00LJPB1MG,5
A2T3AT6P5Z1T3T,B00LJPB1MG,5
A1L08O60MXPCYA,B00LJPB1MG,5
AQAOCDBV1QDUM,B00LJPB1MG,5
ADAG3XK1D9V0A,B00LJPB1MG,5
A3477O7Y026ARP,B00LJPB1MG,5
A3O3V7DXDN2EQH,B00LJPB1MG,5
ATS78EXQTJ0NM,B00LJPB1MG,4
AGUB36NO7BSDR,B00LJPB1MG,5
APFSVCQW44RXA,B00LJPB1MG,5
A3R0BEBXJB58VL,B00LJPB1MG,5
A21S84MRRKVAUN,B00LJPB1MG,4
A3RX60UT05SL7M,B00LJPB1MG,5
A3FV8Z6RGVW5OL,B00LJPB1MG,4
A38FWEVG17KN0Z,B00LJPB1MG,5
A1KOZHN3ON5PGG,B00LJPB1MG,5
A1MII57V54764P,B00LJPB1MG,5
A20OMWEBP09ND,B00LJPB1MG,5
A274WNJFBIYQNE,B00LJPB1MG,1
A1PKB9XJVTQAXN,B00LJPB1MG,3
AAWTKL9PBWXCV,B00LJPB1MG,5
A1OWWFKTVCFB3T,B00LJPB1MG,5
AP0HMWC3KIUN0,B00LJPB1MG,5
A1EVUCHTTUQ5TV,B00LJPB1MG,5
A14LQQFCR8K3LI,B00LJPB1MG,5
A307QLBGIBBLUF,B00LJPB1MG,5
A1QPLMB8S5KZDD,B00LJPB1MG,4
A3PY7U7QT77GS1,B00LJPB1MG,5
A1MLCAGEWDYXL8,B00LJPB1MG,5
A1D4RHE9LBL5H,B00LJPB1MG,5
ABIWW6V0V01L6,B00LJPB1MG,5
A242ADDCE3YB3U,B00LJPB1MG,5
A2RIOMTJ5EB2O5,B00LJPB1MG,5
A3PFOJ3W221A4D,B00LJPB1MG,1
AV2QEVD6YF42H,B00LJPB1MG,5
A3LIA3IC1ERMUA,B00LJPB1MG,5
AIH05X9KBQWX4,B00LJPB1MG,5
A28QRFX92EXTFG,B00LJPB1MG,5
A2M79BUIOECBAS,B00LJPB1MG,5
A1MOCOD2X9GURB,B00LJPB1MG,5
A3JW97329N9QPO,B00LLP508U,5
AQEZ1V5XDMHL2,B00LLP508U,5
A1EBXQJZ1U3ZZD,B00LLP508U,5
A28O6H0NW8RPMA,B00LLP508U,5
A2DJXGGEB03516,B00LLP508U,5
A1YTMZPVBLKMXG,B00LLP508U,4
A1Q8X84XL3BWXX,B00LLP508U,5
A2V36ZOEXQV8UM,B00LLP508U,5
A4H0YLFB3AU3Y,B00LLP508U,5
A40FKEPJMPK0S,B00LLP508U,5
A1U05R25DGZ2L1,B00LLP508U,5
AEXIJT4LD11CD,B00LLP508U,5
A6JJG3RLB3AZ1,B00LLP508U,5
A2NF15AKMNRPA6,B00LLP508U,5
A2KKXX9VC0ZQMJ,B00LLP508U,5
A3JW97329N9QPO,B00LLP508U,5
A3372ZE79SSIHP,B00LLP508U,5
A2E6AWSRJ2ZYO9,B00LLP508U,5
A3C1W25XR0DTFI,B00LLP508U,5
A3FV8Z6RGVW5OL,B00LLP508U,5
A4UUWN5VTEU88,B00LLP508U,5
AXO47B7UAEQ4I,B00LLP508U,5
A23WY0LPGSG9GP,B00LLP508U,5
A2TVE9UESQRETI,B00LLP508U,5
AYYOB060VR9GM,B00LLP508U,5
A8WQ5QPBDRG6K,B00LLP508U,5
APCEENXU71WFI,B00LLP508U,5
A20T3V5VKS60MY,B00LLP508U,5
A3VDIFS2YUZ7UH,B00LLP508U,2
ANS66B17D7381,B00LLP508U,5
A28K4ZATP5520J,B00LLP508U,5
A1BFUWT32P1DXR,B00LLP508U,5
A97RG4XG2R41T,B00LLP508U,4
A97RG4XG2R41T,B00LLP508U,4
A3477O7Y026ARP,B00LLP508U,5
A2XS03HZ68F00W,B00LLP508U,4
A3R0BEBXJB58VL,B00LLP508U,5
A3O3V7DXDN2EQH,B00LLP508U,5
A1M9J5T8PRI2H8,B00LLP508U,5
A1VOY7ES8SW7MD,B00LLP508U,5
A3372ZE79SSIHP,B00LLP508U,5
A3QBW8DMNKSBGM,B00LLP508U,5
ADCMBZPN5N9YA,B00LLP508U,5
A22FN99RW55WEO,B00LLP508U,5
A375X4BVMB6379,B00LLP508U,5
A3L9DYR3CACMIQ,B00LLP508U,5
A19VS13GA2YF0T,B00LLP508U,3
ABIWW6V0V01L6,B00LLP508U,5
A11YHIDRYHFF4H,B00LLP508U,3
A3MI8AZFYB2Q3J,B00LLP508U,5
A2SYARR444J7Z6,B00LLP508U,5
A3EC1NGES4NLE5,B00LLP508U,5
A3JZ9F1WEKGE6U,B00LLP508U,5
A1X8GZ9NKNQWPN,B00LLP508U,5
A10DTOWMTN6VC8,B00LLP508U,5
AM8L4I21AM2UW,B00LLP508U,5
A2RIAVIXTSI645,B00LLP508U,5
ABIWW6V0V01L6,B00LLP508U,5
A2RJB9YB8059OJ,B00LLP508U,5
A2RJB9YB8059OJ,B00LLP508U,5
A1F24WQDOKDICO,B00LLP508U,5
A1XYXB8QV7IV9S,B00LLP508U,5
A3VVMIMMTYQV5F,B00LLP508U,2
A3VVMIMMTYQV5F,B00LLP508U,2
A34L377NKGJ1RU,B00LLP508U,5
AG5CKSLAFZ5L3,B00LLP508U,5
AP0HMWC3KIUN0,B00LLP508U,5
A3HAKR0NS6JLZW,B00LLP508U,5
A23DH5K5KDCJCK,B00LLP508U,5
A28O6H0NW8RPMA,B00LUZ19T0,5
A1UG4MNNMUMGHJ,B00LUZ19T0,5
AUGGOB99VRU6U,B00LUZ19T0,5
A3C1W25XR0DTFI,B00LUZ19T0,5
A1MOCOD2X9GURB,B00LUZ19T0,5
A1HKAWLLYAPMO7,B00LUZ19T0,5
A3U1J3Z55AFZZO,B00LUZ19T0,5
AMOLUSI1RUF0B,B00LUZ19T0,4
A3LCGB8BMZVRJL,B00LUZ19T0,5
A19VS13GA2YF0T,B00LUZ19T0,4
A1KD6LSHEO7E1C,B00LUZ19T0,5
A3AJ3VDHLPX7D4,B00LUZ19T0,5
A1EVUCHTTUQ5TV,B00LUZ19T0,5
AOLW1BLO6VF54,B00LUZ19T0,5
A20T3V5VKS60MY,B00LUZ19T0,5
A2H938QC8GJR9O,B00LUZ8XFS,5
A2ZR04H0OUZ9XH,B00LUZ8XFS,3
A1LIOHHT08PDKW,B00LUZ8XFS,4
A2DJXGGEB03516,B00LUZ8XFS,5
A10J1NIBCBVEW1,B00LUZ8XFS,5
ADKRA9ZAFYRVW,B00LUZ8XFS,5
A2E6AWSRJ2ZYO9,B00LUZ8XFS,5
A3KSIM93X0J1WB,B00LUZ8XFS,5
A3C1W25XR0DTFI,B00LUZ8XFS,5
AP5FKP48ZR9BO,B00LUZ8XFS,5
A10OJXPDFE0GOK,B00LUZ8XFS,5
AJSDV5OVPZ7Y3,B00LUZ8XFS,5
A1JTYY6WIPVUXI,B00LUZ8XFS,5
A2TNGCUS3K32MS,B00LUZ8XFS,5
A11Q7VOCAGFL1W,B00LUZ8XFS,5
AYYOB060VR9GM,B00LUZ8XFS,5
A3MZD632LWIIH6,B00LUZ8XFS,5
A20T3V5VKS60MY,B00LUZ8XFS,5
A2TP3DP6ULTB7X,B00LUZ8XFS,5
AGMXSCJNQKDHX,B00LUZ8XFS,5
A97RG4XG2R41T,B00LUZ8XFS,4
A2KETUOZTO0MN9,B00LUZ8XFS,5
A1YPVD1SP9PVHI,B00LUZ8XFS,5
A1HKAWLLYAPMO7,B00LUZ8XFS,5
AJHJADZ9GK313,B00LUZ8XFS,5
A16OQXVU832Q66,B00LUZ8XFS,5
A3OGBVDB7BLOEM,B00LUZ8XFS,5
A355G2TC389N1K,B00LUZ8XFS,5
A251ETSYO5JPU0,B00LUZ8XFS,5
A3L1XVK3Y8E7FU,B00LUZ8XFS,5
AZ4PIH3RF6U5D,B00LUZ8XFS,5
ABIWW6V0V01L6,B00LUZ8XFS,5
A908CRZDXABQ,B00LUZ8XFS,5
A1MVOR4P5G8KIM,B00LUZ8XFS,5
A3RO95VKUI1QQT,B00LUZ8XFS,5
A1KHVQUXZYG565,B00LUZ8XFS,5
A3NMGYPMG4EZ2V,B00LUZ8XFS,5
A2NLGAVOF35E16,B00LUZ8XFS,5
A1PKB9XJVTQAXN,B00LUZ8XFS,3
A2F2KL35PTQ8BS,B00LUZ8XFS,1
A2GSA371TA18A,B00LUZ8XFS,5
A1L08O60MXPCYA,B00M78E2IE,5
A2MAF3ERMSIG6I,B00M78E2IE,5
A2UZJ4QQ4XB37Y,B00M78E2IE,5
A1LIOHHT08PDKW,B00M78E2IE,5
A10J1NIBCBVEW1,B00M78E2IE,5
A2TA9MPG2ULC3P,B00M78E2IE,5
A35B14Y5UP0HY2,B00M78E2IE,5
AXJ4A11T43Q0K,B00M78E2IE,4
A3L1XVK3Y8E7FU,B00M78E2IE,5
AQEZ1V5XDMHL2,B00M78E2IE,5
AQEZ1V5XDMHL2,B00M78E2I4,5
A2KCGWPNEMS4W,B00M78E2I4,4
A1UG4MNNMUMGHJ,B00M78E2I4,5
A2NF15AKMNRPA6,B00M78E2I4,5
A2XDMPO3OMLADN,B00M78E2I4,5
A35B14Y5UP0HY2,B00M78E2I4,5
AL9PCRLOO744J,B00M78E2I4,5
A2TP3DP6ULTB7X,B00M78E2I4,5
A2BNOICI92RPLK,B00M78E2I4,5
AG0G4FS4SB5OX,B00M78E2I4,5
A1C6WBNJHQ2VIQ,B00M78E2I4,5
A981041CJ9ZBF,B00M78E2I4,5
A1EVUCHTTUQ5TV,B00M78E2I4,5
AXJ4A11T43Q0K,B00M78E2I4,5
ATBZNKRPU0HTK,B00M78E2I4,5
A26Z6BUMK53HNB,B00MAHW5XG,5
AAP4SQTFTF5I7,B00MAHW5XG,5
A1EBXQJZ1U3ZZD,B00MAHW5XG,5
A3PFOJ3W221A4D,B00MAHW5XG,3
A2DJXGGEB03516,B00MAHW5XG,5
A1Q8X84XL3BWXX,B00MAHW5XG,5
A3JRYOYNG5XN3I,B00MAHW5XG,5
A2V36ZOEXQV8UM,B00MAHW5XG,5
A3EXISF8YADM3E,B00MAHW5XG,5
A3VT43NITC2VNU,B00MAHW5XG,5
A1U05R25DGZ2L1,B00MAHW5XG,5
A3L1XVK3Y8E7FU,B00MAHW5XG,5
A2NF15AKMNRPA6,B00MAHW5XG,5
A2IZ77MRDPO9E5,B00MAHW5XG,1
A2R3PDZ4K3P2AG,B00MAHW5XG,4
A3DU0N727F6ACF,B00MAHW5XG,5
AA1MBI2A2M0H6,B00MAHW5XG,5
A18NRSPMW2WTEO,B00MAHW5XG,4
AXO47B7UAEQ4I,B00MAHW5XG,5
A23WY0LPGSG9GP,B00MAHW5XG,5
ANHHP64XHZEEU,B00MAHW5XG,5
A2XDMPO3OMLADN,B00MAHW5XG,5
A1JTYY6WIPVUXI,B00MAHW5XG,5
A3RS3L4NL8GW,B00MAHW5XG,5
AYYOB060VR9GM,B00MAHW5XG,5
APCEENXU71WFI,B00MAHW5XG,5
A20T3V5VKS60MY,B00MAHW5XG,5
A2BNOICI92RPLK,B00MAHW5XG,5
AJSDV5OVPZ7Y3,B00MAHW5XG,5
A1HJSE311DIDRK,B00MAHW5XG,5
A398X00E4KYZIY,B00MAHW5XG,1
A236P8WWG8AZIO,B00MAHW5XG,5
A2FJMALXP72F0N,B00MAHW5XG,5
AJ1DVJZCJDNXJ,B00MAHW5XG,5
AOLW1BLO6VF54,B00MAHW5XG,5
A2KJX3K63I3K0U,B00MAHW5XG,5
A22FN99RW55WEO,B00MAHW5XG,5
A3R0BEBXJB58VL,B00MAHW5XG,5
A19VS13GA2YF0T,B00MAHW5XG,4
A2TP3DP6ULTB7X,B00MAHW5XG,4
A1RDI79LPL1H7L,B00MAHW5XG,5
A3EC1NGES4NLE5,B00MAHW5XG,5
A1WHB9H1AIF947,B00MAHW5XG,5
A3MWE9ODN0O95A,B00MAHW5XG,5
A1GTTJMLYPG513,B00MAHW5XG,5
AM8L4I21AM2UW,B00MAHW5XG,5
A1F24WQDOKDICO,B00MAHW5XG,5
A214JQI91IH3S1,B00MAHW9FU,5
A2UZJ4QQ4XB37Y,B00MAHW9FU,5
A1LIOHHT08PDKW,B00MAHW9FU,5
A2DJXGGEB03516,B00MAHW9FU,5
A3E3TOX6MNRIRY,B00MAHW9FU,5
A6JJG3RLB3AZ1,B00MAHW9FU,5
A2R6U7WLNVSIJL,B00MAHW9FU,5
A2IZ77MRDPO9E5,B00MAHW9FU,5
A2KKXX9VC0ZQMJ,B00MAHW9FU,5
A34D3OWPAF46C2,B00MAHW9FU,5
A1KD6LSHEO7E1C,B00MAHW9FU,5
AJ1DVJZCJDNXJ,B00MAHW9FU,5
A23WY0LPGSG9GP,B00MAHW9FU,5
A183VHQ3YOZL0E,B00MAHW9FU,5
A8WQ5QPBDRG6K,B00MAHW9FU,5
APCEENXU71WFI,B00MAHW9FU,5
A2BNOICI92RPLK,B00MAHW9FU,5
A236P8WWG8AZIO,B00MAHW9FU,5
AUGGOB99VRU6U,B00MAHW9FU,5
A2VSF2M5A8YIQ4,B00MAHW9FU,4
A1F24WQDOKDICO,B00MAHW9FU,5
A3OGBVDB7BLOEM,B00MAHW9FU,5
A355G2TC389N1K,B00MAHW9FU,5
A3EC1NGES4NLE5,B00MAHW9FU,5
A2W22FKUPHPBMY,B00MAHW9FU,5
A2MDMGH76JU99O,B00MAHW9FU,5
APHZGTKEWTQ40,B00MH2STYI,5
AO84KHY4RD89J,B00MH2STYI,5
AUHCIUXPYDX6C,B00MH2STYI,5
AA1MBI2A2M0H6,B00MH2STYI,5
A1YLFOPZH8Q7GK,B00MH2STYI,5
A4MWP92EJDKFG,B00MH2STYI,5
A2VSF2M5A8YIQ4,B00MH2STYI,5
A981041CJ9ZBF,B00MH2STYI,5
A2UM5TH732LWNI,B00MH2STYI,5
A251ETSYO5JPU0,B00MH2STYI,5
A1CLYC5TACQQQP,B00MH2STYI,5
A10J1NIBCBVEW1,B00MH2SJPM,5
A10J1NIBCBVEW1,B00MH2SJPM,5
A274WNJFBIYQNE,B00MH2SJPM,5
A2HDF4JWLGDYHP,B00MH2SJPM,1
A3AMIGUD1UCDF,B00MH2SJPM,5
A3LNGE104A7NH,B00MH2SJPM,2
A35B14Y5UP0HY2,B00MH2SJPM,5
A20T3V5VKS60MY,B00MH2SJPM,5
A31MQ7WDEULTCQ,B00MH2SJPM,5
ASCGC86KRLHZJ,B00MH2SJPM,5
A251ETSYO5JPU0,B00MH2SJPM,5
A3H3ESFIZ7NPRK,B00MWI4IN8,5
A39Y702EFQOVNG,B00MWI4IN8,4
A1EBXQJZ1U3ZZD,B00MWI4IN8,5
A18NRSPMW2WTEO,B00MWI4IN8,1
A1HJSE311DIDRK,B00MWI4IN8,5
A97RG4XG2R41T,B00MWI4IN8,4
A13MSOD93RH5BW,B00MWI4IN8,5
A2KCGWPNEMS4W,B00MWI4IN8,5
AA46TP3T0MVB,B00MWI4IN8,3
APHZGTKEWTQ40,B00MWI4IN8,5
A3ODHMVEMGG93Z,B00MWI4IN8,5
AF8V9AC4GT2FC,B00MWI4IN8,5
A6JJG3RLB3AZ1,B00MWI4IN8,5
A3VDIFS2YUZ7UH,B00MWI4IN8,4
ATF2LHE80W43G,B00MWI4IN8,5
A3AMIGUD1UCDF,B00MWI4IN8,5
ASZE5BL3E3ZHG,B00MWI4IN8,5
AB7K9KRXSKE2S,B00MWI4IN8,5
A35B14Y5UP0HY2,B00MWI4IN8,5
A2U44VA0G6MNOI,B00MWI4IN8,5
AUGGOB99VRU6U,B00MWI4IN8,5
A2UGSJ7FSWA6YU,B00MWI4IN8,5
A1M9J5T8PRI2H8,B00MWI4IN8,5
AXKTC9FEVLY0W,B00MWI4IN8,5
A2TA9MPG2ULC3P,B00MWI4IN8,5
AKO3G1UUTKX3H,B00MWI4IN8,4
AJ1DVJZCJDNXJ,B00MWI4IN8,5
A1JTYY6WIPVUXI,B00MWI4IN8,5
AL9PCRLOO744J,B00MWI4IN8,5
A3JZ9F1WEKGE6U,B00MWI4IN8,5
A3PY7U7QT77GS1,B00MWI4IN8,5
A3RS1RY6BGPD9J,B00MWI4IN8,5
A20OMWEBP09ND,B00MWI4IN8,5
A2XFO7JKA6DMLU,B00MWI4IN8,5
A2XYDV9GYC01ER,B00MWI4IN8,5
AZ4PIH3RF6U5D,B00MWI4IN8,5
AF8JGVWR2KCZJ,B00O5EU9JO,5
A18NRSPMW2WTEO,B00O5EU9JO,1
A2ZR04H0OUZ9XH,B00O5EU9JO,5
A1LIOHHT08PDKW,B00O5EU9JO,4
ASR6B1JIJFD31,B00O5EU9JO,4
AM8L4I21AM2UW,B00O5EU9JO,5
A1XYXB8QV7IV9S,B00O5EU9JO,5
A1PXR4YVZU8I76,B00O5EU9JO,5
A1F24WQDOKDICO,B00O5EUBSI,1
A2ZR04H0OUZ9XH,B00O5EUBSI,5
AYDLETEYQFTDE,B00O5EUBSI,5
A1UG4MNNMUMGHJ,B00O5EUBSI,5
A3DU0N727F6ACF,B00O5EUBSI,5
A1RDI79LPL1H7L,B00O5EUBSI,5
A23WY0LPGSG9GP,B00O5EUBSI,5
A2T3AT6P5Z1T3T,B00O5EUBSI,5
AF8JGVWR2KCZJ,B00O5EUBSI,5
A3477O7Y026ARP,B00O5EUBSI,5
A1BFUWT32P1DXR,B00O5EUBSI,5
A2KCGWPNEMS4W,B00O5EU7PK,4
A22T99L8AJGXFM,B00O5EU7PK,5
AT96JB52IU39Q,B00O5EU7PK,5
A28O6H0NW8RPMA,B00O5EU7PK,5
A3FV8Z6RGVW5OL,B00O5EU7PK,5
A2R6U7WLNVSIJL,B00O5EU7PK,4
AP5FKP48ZR9BO,B00O5EU7PK,5
AJSDV5OVPZ7Y3,B00O5EU7PK,5
AAW91SZJHFB79,B00O5EU7PK,5
A13R0XXYR3MX51,B00O5EU7PK,5
A2TP3DP6ULTB7X,B00O5EU7PK,5
ANS66B17D7381,B00O5EU7PK,5
AUGGOB99VRU6U,B00O5EU7PK,5
A2HDF4JWLGDYHP,B00O5EU7PK,5
AG0G4FS4SB5OX,B00O5EU7PK,5
A3MI8AZFYB2Q3J,B00O5EU7PK,5
A1KHGZDTNXCOW9,B00O5EUBV0,5
A2PF1HVHWUFR5C,B00O5EUBV0,5
A2KCGWPNEMS4W,B00O5EUBV0,4
A1CLYC5TACQQQP,B00O5EUBV0,5
AT96JB52IU39Q,B00O5EUBV0,5
AHBXK3ZNX9YRU,B00O5EUBV0,5
ADCMBZPN5N9YA,B00O5EUBV0,5
A214JQI91IH3S1,B00OJCOQPK,5
A2XS03HZ68F00W,B00OJCOQPK,2
AAP4SQTFTF5I7,B00OJCOQPK,5
A2ZR04H0OUZ9XH,B00OJCOQPK,3
A12V7BFRODAIC1,B00OJCOQPK,5
A3NCI84F8FVSUT,B00OJCOQPK,5
A1YTMZPVBLKMXG,B00OJCOQPK,4
A1EBXQJZ1U3ZZD,B00OJCOQPK,5
A28O6H0NW8RPMA,B00OJCOQPK,5
A2DJXGGEB03516,B00OJCOQPK,5
A1U05R25DGZ2L1,B00OJCOQPK,5
A1RDI79LPL1H7L,B00OJCOQPK,5
A8WQ5QPBDRG6K,B00OJCOQPK,5
APCEENXU71WFI,B00OJCOQPK,5
A97RG4XG2R41T,B00OJCOQPK,4
A3477O7Y026ARP,B00OJCOQPK,5
A2HDF4JWLGDYHP,B00OJCOQPK,5
ABDR6IJ93HFIO,B00OKU5RPE,5
A14LQQFCR8K3LI,B00OKU5RPE,5
A38FWEVG17KN0Z,B00OKU5RPE,5
A39B695IMLSML,B00OKU5RPE,5
A2LY4B3VOG7JQC,B00OKU5RPE,5
AVSJ4U3W2V0SP,B00OKU5RPE,5
A1Z0NQAZWJ3YKP,B00OKU5RPE,5
A3QTZ4GWCCJ0X0,B00OKU5RPE,5
AYB1YSWAF8AWN,B00PYWQ7SI,5
A3H1CQCMVM210S,B00PYWQ7SI,5
A3JRYOYNG5XN3I,B00PYWQ7SI,5
A2SOZCP9S83GN8,B00PYWQ7SI,5
A3VDIFS2YUZ7UH,B00PYWQ7SI,5
A3KSIM93X0J1WB,B00PYWQ7SI,5
A3VKV6D9D0ALU9,B00PYWQ7SI,5
A2N6W9YXZGD6P4,B00PYWQ7SI,5
AB7K9KRXSKE2S,B00PYWQ7SI,5
A3U1J3Z55AFZZO,B00PYWQ7SI,5
A2WAWO476KKO9J,B00PYWQ7SI,5
A219328DJ070P6,B00PYWQ7SI,5
A3PY7U7QT77GS1,B00PYWQ7SI,5
A2TP3DP6ULTB7X,B00PYWQ7SI,5
A28K4ZATP5520J,B00PYWQ7SI,5
A2BNOICI92RPLK,B00PYWQ7SI,5
A2UGSJ7FSWA6YU,B00PYWQ7SI,5
ARNY0FUYM4ZG,B00PYWQ7SI,5
A2GSA371TA18A,B00PYWQ7SI,5
A3AMIGUD1UCDF,B00Q7P7YVU,5
AYDLETEYQFTDE,B00Q7P7YVU,5
A1D7P4FDK8BOS0,B00Q7P7YVU,5
A1C6WBNJHQ2VIQ,B00Q7P7YVU,5
A2TA9MPG2ULC3P,B00Q7P7YVU,5
A214JQI91IH3S1,B00Q7P7YVU,5
A2R3PDZ4K3P2AG,B00QHF452Q,4
A2W9OEZ4YUPJ3U,B00QHF452Q,5
A1LIOHHT08PDKW,B00QHF452Q,5
A3H1CQCMVM210S,B00QHF452Q,5
A1UG4MNNMUMGHJ,B00QHF452Q,5
AI2DP6ZXAO2B7,B00QHF452Q,5
AYTWUDQ3SYR5V,B00QHF452Q,5
A3DU0N727F6ACF,B00QHF452Q,5
A1RDI79LPL1H7L,B00QHF452Q,5
A3JRYOYNG5XN3I,B00RKO61DE,5
AF8V9AC4GT2FC,B00RKO61DE,5
ATWDCYVND935I,B00RKO61DE,5
A2E6AWSRJ2ZYO9,B00RKO61DE,5
A1LFLLLWKSXDES,B00RKO61DE,5
A3U1J3Z55AFZZO,B00RKO61DE,5
A242ADDCE3YB3U,B00RKO61DE,5
A1LR2H3V3EIVIY,B00RKO61DE,5
A27URUYH8XCZQZ,B00RKO61DE,5
A2R6U7WLNVSIJL,B00S5C3BCY,5
A2XS03HZ68F00W,B00S5C3BCY,4
A183VHQ3YOZL0E,B00S5C3BCY,1
A2C8N6W0XPYJB0,B00S5C3BCY,5
AVSJ4U3W2V0SP,B00S5C3BCY,5
A2MDMGH76JU99O,B00S5C3BCY,5
A6JJG3RLB3AZ1,B00S5C3BCY,5
A2XDMPO3OMLADN,B00S5C3BCY,5
A3U1J3Z55AFZZO,B00S5C3BCY,5
AMOLUSI1RUF0B,B00S5C3BCY,1
A2UZJ4QQ4XB37Y,B00SZEFDH8,5
A2R6U7WLNVSIJL,B00SZEFDH8,4
A2XS03HZ68F00W,B00SZEFDH8,2
A3IQF3NMB3EBYK,B00SZEFDH8,5
A375X4BVMB6379,B00SZEFDH8,5
A214JQI91IH3S1,B00SZEFDH8,5
A2C60DM97P22EJ,B00SZEFDH8,4
A1L0YZBI08D167,B00SZEFDH8,5
A3VDIFS2YUZ7UH,B00SZEFDH8,5
ADKRA9ZAFYRVW,B00SZEFDH8,5
A2WDCDHR49DP06,B00SZEFDH8,5
A1PXR4YVZU8I76,B00SZEFDH8,5
A10F15DU5XF86H,B00YCTIL88,5
A375X4BVMB6379,B00YCTIL88,5
A2UZJ4QQ4XB37Y,B00YCTIL88,5
A27RA2E3NEMVH1,B00YCTIL88,4
A2KCGWPNEMS4W,B00YCTIL88,5
A2ZR04H0OUZ9XH,B00YCTIL88,4
A2LY4B3VOG7JQC,B00YCTIL88,5
A1YTMZPVBLKMXG,B00YCTIL88,4
AAP4SQTFTF5I7,B00YCTIL88,4
A18MHDJOCNNSB9,B00YCTIL88,5
A25FDSTIHHAFKX,B00YCTIL88,1
A25FDSTIHHAFKX,B00YCTIL88,5
A2R6U7WLNVSIJL,B00YR23W1G,5
A3C1W25XR0DTFI,B00YR23W1G,5
A183VHQ3YOZL0E,B00YR23W1G,5
A97RG4XG2R41T,B00YR23W1G,4
A36HK8RYUBPJKU,B00YR23W1G,5
A2IZ77MRDPO9E5,B00YR23W1G,4
A375X4BVMB6379,B00YR23W1G,5
AYB1YSWAF8AWN,B00YR23W1G,5
A2XS03HZ68F00W,B00YR23W1G,4
A1L08O60MXPCYA,B0129TQLPW,5
AA46TP3T0MVB,B0129TQLPW,4
A375X4BVMB6379,B0129TQLPW,5
A2ZR04H0OUZ9XH,B0129TQLPW,4
A1YTMZPVBLKMXG,B0129TQLPW,5
AAP4SQTFTF5I7,B0129TQLPW,5
A2XS03HZ68F00W,B0170O5198,4
A2ZR04H0OUZ9XH,B0170O5198,5
AT96JB52IU39Q,B0170O5198,5
A2LY4B3VOG7JQC,B0170O5198,5
A1YTMZPVBLKMXG,B0170O5198,5
AAP4SQTFTF5I7,B0170O5198,5
A2KCGWPNEMS4W,B0170O5198,5
A26Z6BUMK53HNB,B01DYGKLVY,5
A375X4BVMB6379,B01DYGKLVY,5
A214JQI91IH3S1,B01DYGKLVY,5
A21S84MRRKVAUN,B01DYGKLVY,3
AAW91SZJHFB79,B01DYGKLVY,5
A2XS03HZ68F00W,B01DYGKLVY,2
A18NRSPMW2WTEO,B01DYGKLVY,1
A14LQQFCR8K3LI,B01DYGKLVY,5
A14LQQFCR8K3LI,B01EYT1URO,5
A1GTTJMLYPG513,B01EYT1URO,5
AAW91SZJHFB79,B01EYT1URO,2
A3AMIGUD1UCDF,B01EYT1URO,5
A1U05R25DGZ2L1,B01EYT1URO,5
A3ODHMVEMGG93Z,B01EYT1URO,5
A375X4BVMB6379,B01EYT1URO,5
A1NPNT3N0BB6S9,B01F57V826,5
A1CLYC5TACQQQP,B01F57V826,5
A242ADDCE3YB3U,B01F57V826,1
A2R6U7WLNVSIJL,B01F57V826,5
A3UHUP814K2GVU,B01F57V826,5
A2RJB9YB8059OJ,B01F57V826,4
A214JQI91IH3S1,B01F57V826,5
A1QPLMB8S5KZDD,B01F57V826,5
